,Year,Country,Losses,ISO,Alpha_2,Continent,Zone
5,1906,Hong Kong,601819.0,HKG,HK,AS,Tropical
56,1930,Dominican Republic (the),647375.0,DOM,DO,NA,Tropical
61,1931,Belize,133335.0,BLZ,BZ,NA,Tropical
112,1948,Cuba,135034.0,CUB,CU,NA,Tropical
113,1948,Cuba,67517.0,CUB,CU,NA,Tropical
118,1949,Guatemala,170445.0,GTM,GT,NA,Tropical
120,1950,Antigua and Barbuda,11237.0,ATG,AG,NA,Tropical
134,1952,Fiji,20362.0,FJI,FJ,OC,Tropical
161,1955,Belize,50601.0,BLZ,BZ,NA,Tropical
208,1960,Anguilla,320674.0,AIA,AI,NA,Tropical
220,1961,Belize,543904.0,BLZ,BZ,NA,Tropical
232,1962,Guam,2239418.0,GUM,GU,OC,Tropical
241,1963,Cuba,4423996.0,CUB,CU,NA,Tropical
242,1963,Dominica,23005.0,DMA,DM,NA,Tropical
243,1963,Dominican Republic (the),530880.0,DOM,DO,NA,Tropical
246,1963,Haiti,1592639.0,HTI,HT,NA,Tropical
254,1964,Brazil,4368.0,BRA,BR,SA,Tropical
257,1964,Dominican Republic (the),8736.0,DOM,DO,NA,Tropical
259,1964,Fiji,9610.0,FJI,FJ,OC,Tropical
263,1964,Haiti,87363.0,HTI,HT,NA,Tropical
266,1965,India,859994.0,IND,IN,AS,Tropical
273,1965,Bolivia (Plurinational State of),860.0,BOL,BO,SA,Tropical
274,1965,Brazil,60200.0,BRA,BR,SA,Tropical
275,1965,Brazil,85999.0,BRA,BR,SA,Tropical
284,1965,Dominican Republic (the),8600.0,DOM,DO,NA,Tropical
285,1965,Ecuador,34400.0,ECU,EC,SA,Tropical
290,1965,Honduras,4300.0,HND,HN,NA,Tropical
301,1966,Bolivia (Plurinational State of),4174.0,BOL,BO,SA,Tropical
302,1966,Bolivia (Plurinational State of),985.0,BOL,BO,SA,Tropical
303,1966,Brazil,225.0,BRA,BR,SA,Tropical
304,1966,Brazil,425760.0,BRA,BR,SA,Tropical
305,1966,Brazil,82764.0,BRA,BR,SA,Tropical
309,1966,Cuba,150268.0,CUB,CU,NA,Tropical
310,1966,Dominican Republic (the),41741.0,DOM,DO,NA,Tropical
314,1966,Guadeloupe,584376.0,GLP,GP,NA,Tropical
318,1966,Hong Kong,66786.0,HKG,HK,AS,Tropical
319,1966,Haiti,166965.0,HTI,HT,NA,Tropical
320,1966,Indonesia,275492.0,IDN,ID,AS,Tropical
321,1966,India,35063.0,IND,IN,AS,Tropical
329,1967,Brazil,63359.0,BRA,BR,SA,Tropical
330,1967,Brazil,40615.0,BRA,BR,SA,Tropical
331,1967,Brazil,8123.0,BRA,BR,SA,Tropical
332,1967,Brazil,12184.0,BRA,BR,SA,Tropical
336,1967,Ecuador,812.0,ECU,EC,SA,Tropical
347,1968,Bolivia (Plurinational State of),23371.0,BOL,BO,SA,Tropical
349,1968,Botswana,7790.0,BWA,BW,AF,Tropical
353,1968,Colombia,390.0,COL,CO,SA,Tropical
356,1968,Dominican Republic (the),38951.0,DOM,DO,NA,Tropical
357,1968,Ethiopia,7167.0,ETH,ET,AF,Tropical
359,1968,Ghana,581929.0,GHA,GH,AF,Tropical
360,1968,Gambia (the),3895.0,GMB,GM,AF,Tropical
364,1968,Haiti,7790.0,HTI,HT,NA,Tropical
365,1968,Indonesia,61005.0,IDN,ID,AS,Tropical
366,1968,India,733838.0,IND,IN,AS,Tropical
373,1969,Gambia (the),1477.0,GMB,GM,AF,Tropical
376,1969,Brazil,42621.0,BRA,BR,SA,Tropical
378,1969,Colombia,3693.0,COL,CO,SA,Tropical
379,1969,Costa Rica,29547.0,CRI,CR,NA,Tropical
382,1969,Ethiopia,7387.0,ETH,ET,AF,Tropical
384,1969,Guatemala,110801.0,GTM,GT,NA,Tropical
388,1969,Honduras,140348.0,HND,HN,NA,Tropical
389,1969,India,61531.0,IND,IN,AS,Tropical
393,1970,Benin,1396.0,BEN,BJ,AF,Tropical
398,1970,Brazil,698.0,BRA,BR,SA,Tropical
399,1970,Brazil,321046.0,BRA,BR,SA,Tropical
400,1970,Barbados,3490.0,BRB,BB,NA,Tropical
401,1970,Botswana,13959.0,BWA,BW,AF,Tropical
405,1970,Colombia,349.0,COL,CO,SA,Tropical
406,1970,Colombia,968721.0,COL,CO,SA,Tropical
408,1970,Costa Rica,41876.0,CRI,CR,NA,Tropical
409,1970,Costa Rica,167502.0,CRI,CR,NA,Tropical
412,1970,Ecuador,3490.0,ECU,EC,SA,Tropical
413,1970,Ecuador,140.0,ECU,EC,SA,Tropical
428,1971,Brazil,34798.0,BRA,BR,SA,Tropical
431,1971,Cameroon,10038.0,CMR,CM,AF,Tropical
436,1971,Ecuador,335.0,ECU,EC,SA,Tropical
439,1971,Ghana,669.0,GHA,GH,AF,Tropical
440,1971,Guyana,1338.0,GUY,GY,SA,Tropical
443,1971,India,200760.0,IND,IN,AS,Tropical
450,1972,Botswana,324.0,BWA,BW,AF,Tropical
454,1972,Fiji,145799.0,FJI,FJ,OC,Tropical
459,1972,Honduras,45360.0,HND,HN,NA,Tropical
460,1972,Haiti,6214.0,HTI,HT,NA,Tropical
461,1972,Indonesia,453596.0,IDN,ID,AS,Tropical
464,1972,India,647994.0,IND,IN,AS,Tropical
465,1973,Ethiopia,463822.0,ETH,ET,AF,Tropical
473,1973,Brazil,97647.0,BRA,BR,SA,Tropical
487,1973,Guatemala,15257.0,GTM,GT,NA,Tropical
504,1974,Belize,21982.0,BLZ,BZ,NA,Tropical
505,1974,Bolivia (Plurinational State of),57702.0,BOL,BO,SA,Tropical
508,1974,Brazil,664945.0,BRA,BR,SA,Tropical
518,1974,Honduras,2967524.0,HND,HN,NA,Tropical
526,1975,Brazil,3021030.0,BRA,BR,SA,Tropical
528,1975,Brazil,1283434.0,BRA,BR,SA,Tropical
533,1975,Fiji,5035.0,FJI,FJ,OC,Tropical
534,1975,Grenada,23665.0,GRD,GD,NA,Tropical
563,1976,Guam,571381.0,GUM,GU,OC,Tropical
573,1976,India,1237993.0,IND,IN,AS,Tropical
574,1976,India,16084.0,IND,IN,AS,Tropical
576,1976,India,16084.0,IND,IN,AS,Tropical
588,1977,Bolivia (Plurinational State of),44708.0,BOL,BO,SA,Tropical
600,1977,Djibouti,11177.0,DJI,DJ,AF,Tropical
613,1977,India,2228866.0,IND,IN,AS,Tropical
623,1978,Belize,24923.0,BLZ,BZ,NA,Tropical
634,1978,Honduras,4154.0,HND,HN,NA,Tropical
666,1912,Philippines (the),280157.0,PHL,PH,AS,Tropical
695,1928,Puerto Rico,787263.0,PRI,PR,NA,Tropical
701,1932,Puerto Rico,594480.0,PRI,PR,NA,Tropical
706,1933,Trinidad and Tobago,62657.0,TTO,TT,NA,Tropical
712,1935,Jamaica,39440.0,JAM,JM,NA,Tropical
772,1951,Jamaica,583302.0,JAM,JM,NA,Tropical
788,1952,Philippines (the),509057.0,PHL,PH,AS,Tropical
868,1959,New Caledonia,6507.0,NCL,NC,OC,Tropical
869,1959,Niue,13944.0,NIU,NU,OC,Tropical
884,1960,Niue,376.0,NIU,NU,OC,Tropical
886,1960,Philippines (the),18324.0,PHL,PH,AS,Tropical
890,1960,Philippines (the),274864.0,PHL,PH,AS,Tropical
906,1961,Tonga,4533.0,TON,TO,OC,Tropical
919,1962,Thailand,170196.0,THA,TH,AS,Tropical
925,1963,Jamaica,101973.0,JAM,JM,NA,Tropical
931,1963,Saint Lucia,30658.0,LCA,LC,NA,Tropical
935,1963,Martinique,353920.0,MTQ,MQ,NA,Tropical
938,1963,Trinidad and Tobago,265440.0,TTO,TT,NA,Tropical
943,1964,India,4368.0,IND,IN,AS,Tropical
951,1964,Sri Lanka,325863.0,LKA,LK,AS,Tropical
956,1964,Panama,2621.0,PAN,PA,NA,Tropical
957,1964,Philippines (the),69890.0,PHL,PH,AS,Tropical
958,1964,Philippines (the),305769.0,PHL,PH,AS,Tropical
981,1965,Myanmar,8600.0,MMR,MM,AS,Tropical
984,1965,Malaysia,8600.0,MYS,MY,AS,Tropical
988,1965,Paraguay,17200.0,PRY,PY,SA,Tropical
993,1966,India,11688.0,IND,IN,AS,Tropical
1000,1966,Lao People's Democratic Republic (the),127728.0,LAO,LA,AS,Tropical
1001,1966,Sri Lanka,41741.0,LKA,LK,AS,Tropical
1007,1966,Panama,8348.0,PAN,PA,NA,Tropical
1009,1966,Philippines (the),8348.0,PHL,PH,AS,Tropical
1010,1966,Paraguay,8348.0,PRY,PY,SA,Tropical
1011,1966,Senegal,417.0,SEN,SN,AF,Tropical
1015,1966,Togo,1670.0,TGO,TG,AF,Tropical
1016,1966,Thailand,8348.0,THA,TH,AS,Tropical
1029,1967,Saint Lucia,24369.0,LCA,LC,NA,Tropical
1030,1967,Sri Lanka,24369.0,LKA,LK,AS,Tropical
1034,1967,Myanmar,40615.0,MMR,MM,AS,Tropical
1035,1967,Myanmar,25994.0,MMR,MM,AS,Tropical
1036,1967,Mozambique,1462139.0,MOZ,MZ,AF,Tropical
1038,1967,Mauritius,40615.0,MUS,MU,AF,Tropical
1039,1967,Malawi,4061.0,MWI,MW,AF,Tropical
1040,1967,Malaysia,207949.0,MYS,MY,AS,Tropical
1043,1967,Peru,121845.0,PER,PE,SA,Tropical
1044,1967,Philippines (the),215259.0,PHL,PH,AS,Tropical
1050,1967,Uganda,1625.0,UGA,UG,AF,Tropical
1059,1968,Jamaica,3895.0,JAM,JM,NA,Tropical
1063,1968,Kenya,390.0,KEN,KE,AF,Tropical
1065,1968,Lao People's Democratic Republic (the),9971.0,LAO,LA,AS,Tropical
1067,1968,Madagascar,24150.0,MDG,MG,AF,Tropical
1069,1968,Myanmar,19476.0,MMR,MM,AS,Tropical
1072,1968,Nicaragua,11685.0,NIC,NI,NA,Tropical
1077,1968,Philippines (the),74786.0,PHL,PH,AS,Tropical
1081,1968,"Tanzania, United Republic of",7790.0,TZA,TZ,AF,Tropical
1082,1969,Mauritania,251149.0,MRT,MR,AF,Tropical
1083,1969,Senegal,552527.0,SEN,SN,AF,Tropical
1084,1969,Chad,613098.0,TCD,TD,AF,Tropical
1093,1969,Sri Lanka,62787.0,LKA,LK,AS,Tropical
1094,1969,Madagascar,36934.0,MDG,MG,AF,Tropical
1097,1969,Malawi,1477.0,MWI,MW,AF,Tropical
1098,1969,New Caledonia,22160.0,NCL,NC,OC,Tropical
1099,1969,Peru,73867.0,PER,PE,SA,Tropical
1101,1969,El Salvador,11819.0,SLV,SV,NA,Tropical
1103,1969,Suriname,369.0,SUR,SR,SA,Tropical
1108,1970,India,706301.0,IND,IN,AS,Tropical
1118,1970,Madagascar,79564.0,MDG,MG,AF,Tropical
1121,1970,Martinique,216357.0,MTQ,MQ,NA,Tropical
1122,1970,Malaysia,258233.0,MYS,MY,AS,Tropical
1125,1970,Panama,104689.0,PAN,PA,NA,Tropical
1127,1970,Peru,36292.0,PER,PE,SA,Tropical
1128,1970,Philippines (the),16422.0,PHL,PH,AS,Tropical
1129,1970,Philippines (the),596727.0,PHL,PH,AS,Tropical
1130,1970,Philippines (the),681566.0,PHL,PH,AS,Tropical
1132,1970,Philippines (the),4174.0,PHL,PH,AS,Tropical
1133,1970,Philippines (the),84519.0,PHL,PH,AS,Tropical
1134,1970,Philippines (the),330796.0,PHL,PH,AS,Tropical
1135,1970,Philippines (the),89230.0,PHL,PH,AS,Tropical
1141,1971,India,3546752.0,IND,IN,AS,Tropical
1145,1971,Kenya,10038.0,KEN,KE,AF,Tropical
1148,1971,Lao People's Democratic Republic (the),1338.0,LAO,LA,AS,Tropical
1152,1971,Nicaragua,2543.0,NIC,NI,NA,Tropical
1154,1971,Peru,4015.0,PER,PE,SA,Tropical
1155,1971,Philippines (the),4684.0,PHL,PH,AS,Tropical
1156,1971,Philippines (the),3948.0,PHL,PH,AS,Tropical
1160,1971,Paraguay,335.0,PRY,PY,SA,Tropical
1161,1971,Togo,3346.0,TGO,TG,AF,Tropical
1170,1972,Madagascar,80481.0,MDG,MG,AF,Tropical
1177,1972,Panama,324.0,PAN,PA,NA,Tropical
1178,1972,Philippines (the),149039.0,PHL,PH,AS,Tropical
1179,1972,Philippines (the),97199.0,PHL,PH,AS,Tropical
1180,1972,Philippines (the),64799.0,PHL,PH,AS,Tropical
1181,1972,Philippines (the),1425588.0,PHL,PH,AS,Tropical
1193,1973,Jamaica,10375.0,JAM,JM,NA,Tropical
1200,1973,Philippines (the),12206.0,PHL,PH,AS,Tropical
1201,1973,Philippines (the),30515.0,PHL,PH,AS,Tropical
1203,1973,Philippines (the),3009.0,PHL,PH,AS,Tropical
1205,1973,Tonga,3051.0,TON,TO,OC,Tropical
1218,1974,Niger (the),5495.0,NER,NE,AF,Tropical
1219,1974,Peru,119250.0,PER,PE,SA,Tropical
1220,1974,Philippines (the),5495.0,PHL,PH,AS,Tropical
1221,1974,Philippines (the),10991.0,PHL,PH,AS,Tropical
1222,1974,Philippines (the),50558.0,PHL,PH,AS,Tropical
1223,1974,Philippines (the),63747.0,PHL,PH,AS,Tropical
1224,1974,Philippines (the),115404.0,PHL,PH,AS,Tropical
1225,1974,Philippines (the),17585.0,PHL,PH,AS,Tropical
1226,1974,Philippines (the),40117.0,PHL,PH,AS,Tropical
1227,1974,Philippines (the),97818.0,PHL,PH,AS,Tropical
1232,1974,Trinidad and Tobago,27477.0,TTO,TT,NA,Tropical
1234,1974,"Tanzania, United Republic of",16486.0,TZA,TZ,AF,Tropical
1236,1975,India,3596330.0,IND,IN,AS,Tropical
1237,1975,India,1007010.0,IND,IN,AS,Tropical
1251,1975,Mauritius,1007010.0,MUS,MU,AF,Tropical
1255,1975,Philippines (the),10881.0,PHL,PH,AS,Tropical
1260,1975,Sierra Leone,18126.0,SLE,SL,AF,Tropical
1261,1975,Thailand,226577.0,THA,TH,AS,Tropical
1267,1976,Madagascar,80946.0,MDG,MG,AF,Tropical
1280,1976,Philippines (the),7395.0,PHL,PH,AS,Tropical
1281,1976,Philippines (the),404729.0,PHL,PH,AS,Tropical
1282,1976,Philippines (the),400443.0,PHL,PH,AS,Tropical
1283,1976,Philippines (the),44406.0,PHL,PH,AS,Tropical
1284,1976,Senegal,1428454.0,SEN,SN,AF,Tropical
1295,1977,Kenya,44708.0,KEN,KE,AF,Tropical
1302,1977,Madagascar,1564791.0,MDG,MG,AF,Tropical
1306,1977,Mozambique,248131.0,MOZ,MZ,AF,Tropical
1311,1977,Peru,4471.0,PER,PE,SA,Tropical
1313,1977,Philippines (the),3577.0,PHL,PH,AS,Tropical
1314,1977,Philippines (the),16095.0,PHL,PH,AS,Tropical
1316,1977,Philippines (the),112.0,PHL,PH,AS,Tropical
1320,1977,Philippines (the),8553.0,PHL,PH,AS,Tropical
1326,1977,Tonga,4918.0,TON,TO,OC,Tropical
1336,1978,India,685386.0,IND,IN,AS,Tropical
1337,1978,India,4154.0,IND,IN,AS,Tropical
1348,1978,Mozambique,261693.0,MOZ,MZ,AF,Tropical
1352,1978,Peru,8308.0,PER,PE,SA,Tropical
1355,1978,Philippines (the),477693.0,PHL,PH,AS,Tropical
1357,1978,Sudan (the),103846.0,SDN,SD,AF,Tropical
1358,1978,Thailand,1661541.0,THA,TH,AS,Tropical
1385,1951,Vanuatu,2604.0,VUT,VU,OC,Tropical
1420,1964,Viet Nam,436813.0,VNM,VN,AS,Tropical
1430,1966,Viet Nam,83482.0,VNM,VN,AS,Tropical
1432,1966,Samoa,5009.0,WSM,WS,OC,Tropical
1437,1967,Saint Vincent and the Grenadines,36553.0,VCT,VC,NA,Tropical
1438,1967,Venezuela (Bolivarian Republic of),33515.0,VEN,VE,SA,Tropical
1442,1968,Samoa,1854.0,WSM,WS,OC,Tropical
1489,1978,Zambia,831.0,ZMB,ZM,AF,Tropical
1494,1978,Brazil,9553862.0,BRA,BR,SA,Tropical
1515,1979,Dominica,166707.0,DMA,DM,NA,Tropical
1516,1979,Dominican Republic (the),560048.0,DOM,DO,NA,Tropical
1523,1979,Guadeloupe,373365.0,GLP,GP,NA,Tropical
1526,1979,Hong Kong,37337.0,HKG,HK,AS,Tropical
1530,1980,Benin,2141.0,BEN,BJ,AF,Tropical
1543,1980,Barbados,4932.0,BRB,BB,NA,Tropical
1557,1980,Dominican Republic (the),154542.0,DOM,DO,NA,Tropical
1559,1980,Fiji,7418.0,FJI,FJ,OC,Tropical
1563,1980,Grenada,17427.0,GRD,GD,NA,Tropical
1579,1981,Central African Republic,373.0,CAF,CF,AF,Tropical
1588,1981,Colombia,14901.0,COL,CO,SA,Tropical
1615,1982,Bolivia (Plurinational State of),1123190.0,BOL,BO,SA,Tropical
1628,1982,Cabo Verde,8424.0,CPV,CV,AF,Tropical
1630,1982,Cuba,238678.0,CUB,CU,NA,Tropical
1632,1982,Ecuador,651731.0,ECU,EC,SA,Tropical
1640,1982,Guatemala,280798.0,GTM,GT,NA,Tropical
1661,1983,Bolivia (Plurinational State of),131676.0,BOL,BO,SA,Tropical
1662,1983,Bolivia (Plurinational State of),1135026.0,BOL,BO,SA,Tropical
1663,1983,Bolivia (Plurinational State of),1360290.0,BOL,BO,SA,Tropical
1666,1983,Brazil,32647.0,BRA,BR,SA,Tropical
1667,1983,Brazil,919556.0,BRA,BR,SA,Tropical
1680,1983,Comoros (the),62573.0,COM,KM,AF,Tropical
1681,1983,Cuba,163235.0,CUB,CU,NA,Tropical
1693,1983,Fiji,136029.0,FJI,FJ,OC,Tropical
1694,1983,Fiji,2315.0,FJI,FJ,OC,Tropical
1695,1983,Fiji,81617.0,FJI,FJ,OC,Tropical
1706,1983,Hong Kong,34127.0,HKG,HK,AS,Tropical
1722,1984,Brazil,2608404.0,BRA,BR,SA,Tropical
1723,1984,Brazil,2608404.0,BRA,BR,SA,Tropical
1742,1984,Dominica,5217.0,DMA,DM,NA,Tropical
1767,1985,Benin,12092.0,BEN,BJ,AF,Tropical
1776,1985,Brazil,503817.0,BRA,BR,SA,Tropical
1777,1985,Brazil,1639925.0,BRA,BR,SA,Tropical
1794,1985,Comoros (the),14026.0,COM,KM,AF,Tropical
1810,1985,Fiji,183893.0,FJI,FJ,OC,Tropical
1812,1985,Fiji,7557.0,FJI,FJ,OC,Tropical
1819,1985,Hong Kong,106.0,HKG,HK,AS,Tropical
1835,1986,Bolivia (Plurinational State of),123608.0,BOL,BO,SA,Tropical
1858,1986,Colombia,6180.0,COL,CO,SA,Tropical
1863,1986,Fiji,49443.0,FJI,FJ,OC,Tropical
1864,1986,Fiji,38071.0,FJI,FJ,OC,Tropical
1879,1987,Brazil,147856.0,BRA,BR,SA,Tropical
1882,1987,Barbados,238477.0,BRB,BB,NA,Tropical
1903,1987,Cook Islands (the),59619.0,COK,CK,OC,Tropical
1907,1987,Comoros (the),21463.0,COM,KM,AF,Tropical
1910,1987,Dominican Republic (the),56519.0,DOM,DO,NA,Tropical
1917,1987,Fiji,59619.0,FJI,FJ,OC,Tropical
1920,1987,Micronesia (Federated States of),14309.0,FSM,FM,OC,Tropical
1929,1987,Guam,346.0,GUM,GU,OC,Tropical
1949,1988,Bolivia (Plurinational State of),110901.0,BOL,BO,SA,Tropical
1950,1988,Brazil,2291337.0,BRA,BR,SA,Tropical
1951,1988,Brazil,68740.0,BRA,BR,SA,Tropical
1975,1988,Colombia,114567.0,COL,CO,SA,Tropical
1976,1988,Costa Rica,20622.0,CRI,CR,NA,Tropical
1977,1988,Costa Rica,137480.0,CRI,CR,NA,Tropical
1994,1989,Djibouti,2404.0,DJI,DJ,AF,Tropical
1995,1978,Indonesia,4985.0,IDN,ID,AS,Tropical
2000,1978,Sri Lanka,415385.0,LKA,LK,AS,Tropical
2001,1978,Madagascar,120462.0,MDG,MG,AF,Tropical
2004,1978,Mauritania,105923.0,MRT,MR,AF,Tropical
2010,1978,Philippines (the),138132.0,PHL,PH,AS,Tropical
2011,1978,Philippines (the),14601.0,PHL,PH,AS,Tropical
2012,1978,Philippines (the),49053.0,PHL,PH,AS,Tropical
2013,1978,Philippines (the),58108.0,PHL,PH,AS,Tropical
2014,1978,Philippines (the),49402.0,PHL,PH,AS,Tropical
2015,1978,Philippines (the),2592.0,PHL,PH,AS,Tropical
2019,1979,Honduras,48537.0,HND,HN,NA,Tropical
2022,1979,Indonesia,11948.0,IDN,ID,AS,Tropical
2027,1979,India,47791.0,IND,IN,AS,Tropical
2030,1979,India,746730.0,IND,IN,AS,Tropical
2031,1979,India,373365.0,IND,IN,AS,Tropical
2043,1979,Myanmar,41070.0,MMR,MM,AS,Tropical
2046,1979,Martinique,186683.0,MTQ,MQ,NA,Tropical
2048,1979,Mauritius,653389.0,MUS,MU,AF,Tropical
2055,1979,Philippines (the),26072.0,PHL,PH,AS,Tropical
2056,1979,Philippines (the),37337.0,PHL,PH,AS,Tropical
2058,1979,Philippines (the),22775.0,PHL,PH,AS,Tropical
2059,1979,Philippines (the),36340.0,PHL,PH,AS,Tropical
2060,1979,Philippines (the),2304.0,PHL,PH,AS,Tropical
2067,1980,Haiti,1315254.0,HTI,HT,NA,Tropical
2073,1980,Indonesia,11180.0,IDN,ID,AS,Tropical
2081,1980,India,1052203.0,IND,IN,AS,Tropical
2086,1980,Jamaica,210441.0,JAM,JM,NA,Tropical
2091,1980,Saint Lucia,289323.0,LCA,LC,NA,Tropical
2097,1980,Martinique,223593.0,MTQ,MQ,NA,Tropical
2106,1980,Philippines (the),50637.0,PHL,PH,AS,Tropical
2108,1980,Philippines (the),336376.0,PHL,PH,AS,Tropical
2109,1980,Philippines (the),1322.0,PHL,PH,AS,Tropical
2110,1980,Philippines (the),950.0,PHL,PH,AS,Tropical
2114,1980,Réunion,220305.0,REU,RE,AF,Tropical
2120,1981,Indonesia,6556.0,IDN,ID,AS,Tropical
2126,1981,India,745036.0,IND,IN,AS,Tropical
2140,1981,Madagascar,745036.0,MDG,MG,AF,Tropical
2148,1981,New Caledonia,596.0,NCL,NC,OC,Tropical
2149,1981,Nigeria,211897.0,NGA,NG,AF,Tropical
2157,1981,Peru,17881.0,PER,PE,SA,Tropical
2161,1981,Philippines (the),19967.0,PHL,PH,AS,Tropical
2162,1981,Philippines (the),104305.0,PHL,PH,AS,Tropical
2163,1981,Philippines (the),77484.0,PHL,PH,AS,Tropical
2164,1981,Philippines (the),22676.0,PHL,PH,AS,Tropical
2165,1981,Philippines (the),38468.0,PHL,PH,AS,Tropical
2166,1981,Philippines (the),498.0,PHL,PH,AS,Tropical
2167,1981,Philippines (the),80464.0,PHL,PH,AS,Tropical
2168,1981,Philippines (the),5960.0,PHL,PH,AS,Tropical
2174,1982,Honduras,283606.0,HND,HN,NA,Tropical
2181,1982,India,1756164.0,IND,IN,AS,Tropical
2182,1982,India,336957.0,IND,IN,AS,Tropical
2185,1982,India,1965583.0,IND,IN,AS,Tropical
2196,1982,Sri Lanka,2808.0,LKA,LK,AS,Tropical
2199,1982,Madagascar,701994.0,MDG,MG,AF,Tropical
2205,1982,Mauritius,1825.0,MUS,MU,AF,Tropical
2206,1982,Mauritius,907.0,MUS,MU,AF,Tropical
2208,1982,Nicaragua,999639.0,NIC,NI,NA,Tropical
2214,1982,Philippines (the),168.0,PHL,PH,AS,Tropical
2217,1982,Philippines (the),193750.0,PHL,PH,AS,Tropical
2218,1982,Philippines (the),18252.0,PHL,PH,AS,Tropical
2220,1982,Philippines (the),89855.0,PHL,PH,AS,Tropical
2221,1982,Philippines (the),6739.0,PHL,PH,AS,Tropical
2222,1982,Philippines (the),12636.0,PHL,PH,AS,Tropical
2223,1982,Philippines (the),11793.0,PHL,PH,AS,Tropical
2224,1982,Philippines (the),14.0,PHL,PH,AS,Tropical
2237,1983,Indonesia,19063.0,IDN,ID,AS,Tropical
2240,1983,India,152352.0,IND,IN,AS,Tropical
2241,1983,India,1387495.0,IND,IN,AS,Tropical
2243,1983,India,68014.0,IND,IN,AS,Tropical
2256,1983,Saint Lucia,3510.0,LCA,LC,NA,Tropical
2260,1983,Madagascar,68014.0,MDG,MG,AF,Tropical
2272,1983,Peru,2690109.0,PER,PE,SA,Tropical
2277,1983,Philippines (the),4462.0,PHL,PH,AS,Tropical
2278,1983,Philippines (the),1170.0,PHL,PH,AS,Tropical
2279,1983,Philippines (the),6121.0,PHL,PH,AS,Tropical
2281,1983,Philippines (the),8.0,PHL,PH,AS,Tropical
2282,1983,Papua New Guinea,32375.0,PNG,PG,OC,Tropical
2290,1983,Paraguay,223088.0,PRY,PY,SA,Tropical
2291,1983,French Polynesia,43529.0,PYF,PF,OC,Tropical
2292,1983,French Polynesia,57132.0,PYF,PF,OC,Tropical
2301,1984,Indonesia,3913.0,IDN,ID,AS,Tropical
2305,1984,India,91294.0,IND,IN,AS,Tropical
2308,1984,India,5217.0,IND,IN,AS,Tropical
2309,1984,India,234756.0,IND,IN,AS,Tropical
2320,1984,Sri Lanka,5217.0,LKA,LK,AS,Tropical
2323,1984,Madagascar,652101.0,MDG,MG,AF,Tropical
2326,1984,Mozambique,195630.0,MOZ,MZ,AF,Tropical
2333,1984,Peru,7825.0,PER,PE,SA,Tropical
2334,1984,Philippines (the),59993.0,PHL,PH,AS,Tropical
2335,1984,Philippines (the),251972.0,PHL,PH,AS,Tropical
2336,1984,Philippines (the),565241.0,PHL,PH,AS,Tropical
2337,1984,Philippines (the),496.0,PHL,PH,AS,Tropical
2345,1985,India,775879.0,IND,IN,AS,Tropical
2348,1985,India,362748.0,IND,IN,AS,Tropical
2351,1985,India,1259543.0,IND,IN,AS,Tropical
2354,1985,Jamaica,13099.0,JAM,JM,NA,Tropical
2360,1985,Mozambique,1260.0,MOZ,MZ,AF,Tropical
2363,1985,Nigeria,20153.0,NGA,NG,AF,Tropical
2371,1985,Philippines (the),157123.0,PHL,PH,AS,Tropical
2372,1985,Philippines (the),50382.0,PHL,PH,AS,Tropical
2373,1985,Philippines (the),1663.0,PHL,PH,AS,Tropical
2389,1986,India,247216.0,IND,IN,AS,Tropical
2393,1986,India,674760.0,IND,IN,AS,Tropical
2395,1986,India,682564.0,IND,IN,AS,Tropical
2402,1986,Jamaica,187884.0,JAM,JM,NA,Tropical
2410,1986,Sri Lanka,2309.0,LKA,LK,AS,Tropical
2411,1986,Madagascar,370824.0,MDG,MG,AF,Tropical
2415,1986,Malaysia,28430.0,MYS,MY,AS,Tropical
2423,1986,Panama,865.0,PAN,PA,NA,Tropical
2424,1986,Peru,2967.0,PER,PE,SA,Tropical
2426,1986,Philippines (the),75920.0,PHL,PH,AS,Tropical
2427,1986,Philippines (the),32509.0,PHL,PH,AS,Tropical
2428,1986,Philippines (the),2967.0,PHL,PH,AS,Tropical
2429,1986,Philippines (the),3461.0,PHL,PH,AS,Tropical
2430,1986,Philippines (the),88998.0,PHL,PH,AS,Tropical
2431,1986,Philippines (the),9889.0,PHL,PH,AS,Tropical
2432,1986,Philippines (the),138.0,PHL,PH,AS,Tropical
2441,1987,Indonesia,4054.0,IDN,ID,AS,Tropical
2442,1987,Indonesia,9539.0,IDN,ID,AS,Tropical
2444,1987,Indonesia,143086.0,IDN,ID,AS,Tropical
2446,1987,India,1299701.0,IND,IN,AS,Tropical
2469,1987,Jamaica,73928.0,JAM,JM,NA,Tropical
2473,1987,Saint Kitts and Nevis,1192.0,KNA,KN,NA,Tropical
2482,1987,Maldives,14309.0,MDV,MV,AS,Tropical
2493,1987,Philippines (the),235138.0,PHL,PH,AS,Tropical
2494,1987,Philippines (the),59619.0,PHL,PH,AS,Tropical
2495,1987,Philippines (the),133547.0,PHL,PH,AS,Tropical
2496,1987,Philippines (the),13355.0,PHL,PH,AS,Tropical
2497,1987,Philippines (the),20271.0,PHL,PH,AS,Tropical
2503,1987,Réunion,4770.0,REU,RE,AF,Tropical
2505,1988,Saint Lucia,5728.0,LCA,LC,NA,Tropical
2512,1988,Haiti,209167.0,HTI,HT,NA,Tropical
2517,1988,Indonesia,10540.0,IDN,ID,AS,Tropical
2520,1988,India,2129110.0,IND,IN,AS,Tropical
2521,1988,India,41244.0,IND,IN,AS,Tropical
2524,1988,India,29787.0,IND,IN,AS,Tropical
2530,1988,Jamaica,2291337.0,JAM,JM,NA,Tropical
2531,1988,Jamaica,1008.0,JAM,JM,NA,Tropical
2544,1988,Niger (the),23372.0,NER,NE,AF,Tropical
2548,1988,Nicaragua,916535.0,NIC,NI,NA,Tropical
2557,1988,Panama,137480.0,PAN,PA,NA,Tropical
2563,1988,Philippines (the),2291.0,PHL,PH,AS,Tropical
2564,1988,Philippines (the),26387.0,PHL,PH,AS,Tropical
2565,1988,Philippines (the),551067.0,PHL,PH,AS,Tropical
2566,1988,Philippines (the),341547.0,PHL,PH,AS,Tropical
2567,1988,Philippines (the),2154.0,PHL,PH,AS,Tropical
2574,1978,Senegal,8308.0,SEN,SN,AF,Tropical
2598,1980,Thailand,196302.0,THA,TH,AS,Tropical
2606,1980,Saint Vincent and the Grenadines,53597.0,VCT,VC,NA,Tropical
2616,1981,Thailand,38742.0,THA,TH,AS,Tropical
2625,1981,Vanuatu,2980.0,VUT,VU,OC,Tropical
2632,1981,Zimbabwe,2980.0,ZWE,ZW,AF,Tropical
2635,1982,El Salvador,786233.0,SLV,SV,NA,Tropical
2638,1982,Tonga,59529.0,TON,TO,OC,Tropical
2639,1982,Tonga,3089.0,TON,TO,OC,Tropical
2658,1983,Senegal,3825.0,SEN,SN,AF,Tropical
2677,1983,Samoa,86106.0,WSM,WS,OC,Tropical
2678,1983,Samoa,85970.0,WSM,WS,OC,Tropical
2689,1984,Thailand,7825.0,THA,TH,AS,Tropical
2690,1984,Thailand,1043361.0,THA,TH,AS,Tropical
2719,1985,Turks and Caicos Islands (the),13.0,TCA,TC,NA,Tropical
2721,1985,Thailand,9069.0,THA,TH,AS,Tropical
2741,1985,Vanuatu,435802.0,VUT,VU,OC,Tropical
2745,1986,Solomon Islands,49443.0,SLB,SB,OC,Tropical
2746,1986,Thailand,4944.0,THA,TH,AS,Tropical
2768,1987,Thailand,17170.0,THA,TH,AS,Tropical
2769,1987,Tokelau,1192.0,TKL,TK,OC,Tropical
2783,1987,Saint Vincent and the Grenadines,12639.0,VCT,VC,NA,Tropical
2784,1987,Saint Vincent and the Grenadines,11924.0,VCT,VC,NA,Tropical
2785,1987,Venezuela (Bolivarian Republic of),1908.0,VEN,VE,SA,Tropical
2790,1987,Vanuatu,59619.0,VUT,VU,OC,Tropical
2799,1988,Chad,360.0,TCD,TD,AF,Tropical
2801,1988,Thailand,387570.0,THA,TH,AS,Tropical
2842,1989,Samoa,33880.0,WSM,WS,OC,Tropical
2846,1989,Netherlands Antilles,109291.0,ANT,Invalid,Invalid,Tropical
2847,1989,American Samoa,10929.0,ASM,AS,OC,Tropical
2848,1989,Antigua and Barbuda,174866.0,ATG,AG,NA,Tropical
2877,1989,Comoros (the),11445.0,COM,KM,AF,Tropical
2878,1989,Dominica,43717.0,DMA,DM,NA,Tropical
2880,1989,Ecuador,32787.0,ECU,EC,SA,Tropical
2911,1990,Belize,4666.0,BLZ,BZ,NA,Tropical
2912,1990,Belize,4563.0,BLZ,BZ,NA,Tropical
2973,1991,Brazil,3979.0,BRA,BR,SA,Tropical
2988,1991,Colombia,796.0,COL,CO,SA,Tropical
2999,1992,Brazil,49823.0,BRA,BR,SA,Tropical
3017,1992,Bolivia (Plurinational State of),193113.0,BOL,BO,SA,Tropical
3018,1992,Bolivia (Plurinational State of),193113.0,BOL,BO,SA,Tropical
3019,1992,Bolivia (Plurinational State of),772452.0,BOL,BO,SA,Tropical
3039,1992,Cuba,5002.0,CUB,CU,NA,Tropical
3043,1992,Ecuador,38623.0,ECU,EC,SA,Tropical
3098,1993,Cuba,1875764.0,CUB,CU,NA,Tropical
3100,1993,Cuba,262607.0,CUB,CU,NA,Tropical
3110,1993,Ecuador,937882.0,ECU,EC,SA,Tropical
3140,1989,Guadeloupe,109291.0,GLP,GP,NA,Tropical
3145,1989,Hong Kong,146.0,HKG,HK,AS,Tropical
3149,1989,Indonesia,745.0,IDN,ID,AS,Tropical
3163,1989,Saint Kitts and Nevis,100548.0,KNA,KN,NA,Tropical
3165,1989,Sri Lanka,76504.0,LKA,LK,AS,Tropical
3172,1989,Montserrat,524598.0,MSR,MS,NA,Tropical
3174,1989,Mauritius,131150.0,MUS,MU,AF,Tropical
3182,1989,Philippines (the),133335.0,PHL,PH,AS,Tropical
3183,1989,Philippines (the),129401.0,PHL,PH,AS,Tropical
3184,1989,Philippines (the),77378.0,PHL,PH,AS,Tropical
3185,1989,Philippines (the),17487.0,PHL,PH,AS,Tropical
3186,1989,Philippines (the),9399.0,PHL,PH,AS,Tropical
3187,1989,Philippines (the),710.0,PHL,PH,AS,Tropical
3188,1989,Philippines (the),6251.0,PHL,PH,AS,Tropical
3189,1989,Philippines (the),13115.0,PHL,PH,AS,Tropical
3193,1989,Réunion,109291.0,REU,RE,AF,Tropical
3194,1990,Indonesia,9955.0,IDN,ID,AS,Tropical
3201,1990,Namibia,103694.0,NAM,NA,AF,Tropical
3202,1990,Peru,74660.0,PER,PE,SA,Tropical
3204,1990,Mozambique,103694.0,MOZ,MZ,AF,Tropical
3211,1990,Fiji,20739.0,FJI,FJ,OC,Tropical
3232,1990,Honduras,207388.0,HND,HN,NA,Tropical
3236,1990,India,4562536.0,IND,IN,AS,Tropical
3240,1990,India,1202850.0,IND,IN,AS,Tropical
3241,1990,India,233934.0,IND,IN,AS,Tropical
3262,1990,Liberia,97472.0,LBR,LR,AF,Tropical
3295,1990,Philippines (the),89.0,PHL,PH,AS,Tropical
3297,1990,Philippines (the),805702.0,PHL,PH,AS,Tropical
3301,1990,Philippines (the),132728.0,PHL,PH,AS,Tropical
3304,1991,Philippines (the),198962.0,PHL,PH,AS,Tropical
3306,1991,Indonesia,26263.0,IDN,ID,AS,Tropical
3310,1991,Malawi,47751.0,MWI,MW,AF,Tropical
3325,1991,Hong Kong,19896.0,HKG,HK,AS,Tropical
3327,1991,Indonesia,29446.0,IDN,ID,AS,Tropical
3331,1991,India,198962.0,IND,IN,AS,Tropical
3332,1991,India,234775.0,IND,IN,AS,Tropical
3333,1991,India,79585.0,IND,IN,AS,Tropical
3340,1991,Jamaica,59689.0,JAM,JM,NA,Tropical
3349,1991,Cambodia,298443.0,KHM,KH,AS,Tropical
3352,1991,Lao People's Democratic Republic (the),1990.0,LAO,LA,AS,Tropical
3353,1991,Lao People's Democratic Republic (the),298.0,LAO,LA,AS,Tropical
3354,1991,Sri Lanka,59689.0,LKA,LK,AS,Tropical
3356,1991,Maldives,59689.0,MDV,MV,AS,Tropical
3361,1991,Myanmar,158851.0,MMR,MM,AS,Tropical
3365,1991,Nicaragua,159170.0,NIC,NI,NA,Tropical
3374,1991,Philippines (the),2587.0,PHL,PH,AS,Tropical
3376,1991,Philippines (the),179066.0,PHL,PH,AS,Tropical
3377,1991,Philippines (the),169118.0,PHL,PH,AS,Tropical
3389,1992,Hong Kong,96556.0,HKG,HK,AS,Tropical
3390,1992,India,111716.0,IND,IN,AS,Tropical
3391,1992,Philippines (the),143290.0,PHL,PH,AS,Tropical
3394,1992,Fiji,3090.0,FJI,FJ,OC,Tropical
3398,1992,Guam,579339.0,GUM,GU,OC,Tropical
3399,1992,Hong Kong,424269.0,HKG,HK,AS,Tropical
3402,1992,Indonesia,10428.0,IDN,ID,AS,Tropical
3404,1992,India,351659.0,IND,IN,AS,Tropical
3410,1992,India,133248.0,IND,IN,AS,Tropical
3420,1992,Lao People's Democratic Republic (the),42153.0,LAO,LA,AS,Tropical
3421,1992,Lao People's Democratic Republic (the),7049.0,LAO,LA,AS,Tropical
3422,1992,Sri Lanka,482782.0,LKA,LK,AS,Tropical
3423,1992,Sri Lanka,5311.0,LKA,LK,AS,Tropical
3427,1992,Myanmar,106434.0,MMR,MM,AS,Tropical
3438,1992,Panama,19311.0,PAN,PA,NA,Tropical
3440,1992,Peru,482782.0,PER,PE,SA,Tropical
3447,1992,Puerto Rico,386226.0,PRI,PR,NA,Tropical
3459,1993,Sri Lanka,581.0,LKA,LK,AS,Tropical
3463,1993,Eritrea,9688.0,ERI,ER,AF,Tropical
3466,1993,Fiji,187576.0,FJI,FJ,OC,Tropical
3472,1993,Hong Kong,1482.0,HKG,HK,AS,Tropical
3473,1993,Hong Kong,225.0,HKG,HK,AS,Tropical
3475,1993,Hong Kong,11255.0,HKG,HK,AS,Tropical
3476,1993,Hong Kong,1501.0,HKG,HK,AS,Tropical
3478,1993,Hong Kong,365774.0,HKG,HK,AS,Tropical
3479,1993,Honduras,108044.0,HND,HN,NA,Tropical
3480,1993,Honduras,106356.0,HND,HN,NA,Tropical
3483,1993,Indonesia,36204.0,IDN,ID,AS,Tropical
3485,1993,India,937882.0,IND,IN,AS,Tropical
3489,1993,India,187576.0,IND,IN,AS,Tropical
3492,1993,India,13130346.0,IND,IN,AS,Tropical
3497,1993,Jamaica,20633.0,JAM,JM,NA,Tropical
3507,1993,Lao People's Democratic Republic (the),566764.0,LAO,LA,AS,Tropical
3535,1993,Philippines (the),69403.0,PHL,PH,AS,Tropical
3538,1993,Philippines (the),829.0,PHL,PH,AS,Tropical
3539,1993,Philippines (the),352644.0,PHL,PH,AS,Tropical
3540,1993,Philippines (the),93788.0,PHL,PH,AS,Tropical
3541,1993,Philippines (the),3752.0,PHL,PH,AS,Tropical
3542,1993,Philippines (the),31888.0,PHL,PH,AS,Tropical
3543,1993,Philippines (the),4877.0,PHL,PH,AS,Tropical
3544,1993,Philippines (the),75031.0,PHL,PH,AS,Tropical
3545,1993,Papua New Guinea,2814.0,PNG,PG,OC,Tropical
3546,1993,Papua New Guinea,4689.0,PNG,PG,OC,Tropical
3554,1994,Philippines (the),1828.0,PHL,PH,AS,Tropical
3558,1994,Indonesia,3473.0,IDN,ID,AS,Tropical
3560,1994,India,319917.0,IND,IN,AS,Tropical
3564,1994,Madagascar,18281.0,MDG,MG,AF,Tropical
3565,1994,Madagascar,366.0,MDG,MG,AF,Tropical
3568,1994,Mauritius,247524.0,MUS,MU,AF,Tropical
3572,1994,Peru,91405.0,PER,PE,SA,Tropical
3575,1994,Philippines (the),68736.0,PHL,PH,AS,Tropical
3578,1994,Philippines (the),4387.0,PHL,PH,AS,Tropical
3586,1989,Viet Nam,45902.0,VNM,VN,AS,Tropical
3593,1989,Thailand,987994.0,THA,TH,AS,Tropical
3612,1989,Virgin Island (U.S.),47651.0,VIR,VI,NA,Tropical
3629,1990,Zimbabwe,103694.0,ZWE,ZW,AF,Tropical
3639,1990,Thailand,103694.0,THA,TH,AS,Tropical
3641,1990,Tokelau,4977.0,TKL,TK,OC,Tropical
3642,1990,Tonga,5185.0,TON,TO,OC,Tropical
3650,1990,"Tanzania, United Republic of",581.0,TZA,TZ,AF,Tropical
3664,1990,Viet Nam,1504.0,VNM,VN,AS,Tropical
3668,1990,Samoa,414776.0,WSM,WS,OC,Tropical
3679,1991,Viet Nam,6367.0,VNM,VN,AS,Tropical
3686,1991,Thailand,16560.0,THA,TH,AS,Tropical
3688,1991,Thailand,2941.0,THA,TH,AS,Tropical
3724,1991,Viet Nam,9948.0,VNM,VN,AS,Tropical
3725,1991,Viet Nam,76600.0,VNM,VN,AS,Tropical
3726,1991,Viet Nam,18901.0,VNM,VN,AS,Tropical
3728,1991,Viet Nam,1990.0,VNM,VN,AS,Tropical
3730,1991,Samoa,553114.0,WSM,WS,OC,Tropical
3777,1992,Viet Nam,92115.0,VNM,VN,AS,Tropical
3778,1992,Viet Nam,772.0,VNM,VN,AS,Tropical
3779,1992,Viet Nam,34760.0,VNM,VN,AS,Tropical
3782,1993,Venezuela (Bolivarian Republic of),8441.0,VEN,VE,SA,Tropical
3784,1993,Trinidad and Tobago,131.0,TTO,TT,NA,Tropical
3786,1993,Sudan (the),375.0,SDN,SD,AF,Tropical
3791,1993,Thailand,2365338.0,THA,TH,AS,Tropical
3792,1993,Thailand,3752.0,THA,TH,AS,Tropical
3793,1993,Thailand,200519.0,THA,TH,AS,Tropical
3794,1993,Thailand,47025.0,THA,TH,AS,Tropical
3795,1993,Thailand,599963.0,THA,TH,AS,Tropical
3796,1993,Thailand,750493.0,THA,TH,AS,Tropical
3800,1993,"Tanzania, United Republic of",6584.0,TZA,TZ,AF,Tropical
3834,1993,Viet Nam,18758.0,VNM,VN,AS,Tropical
3835,1993,Viet Nam,28136.0,VNM,VN,AS,Tropical
3836,1993,Viet Nam,93788.0,VNM,VN,AS,Tropical
3837,1993,Vanuatu,11255.0,VUT,VU,OC,Tropical
3838,1993,Yemen,2814.0,YEM,YE,AS,Tropical
3869,1994,Brazil,127967.0,BRA,BR,SA,Tropical
3870,1994,Brazil,868346.0,BRA,BR,SA,Tropical
3898,1995,Netherlands Antilles,1778211.0,ANT,Invalid,Invalid,Tropical
3903,1995,Antigua and Barbuda,622374.0,ATG,AG,NA,Tropical
3913,1995,Benin,5512.0,BEN,BJ,AF,Tropical
3922,1995,Belize,889.0,BLZ,BZ,NA,Tropical
3923,1995,Brazil,5335.0,BRA,BR,SA,Tropical
4028,1997,Bolivia (Plurinational State of),59084.0,BOL,BO,SA,Tropical
4029,1997,Bolivia (Plurinational State of),59084.0,BOL,BO,SA,Tropical
4055,1998,Antigua and Barbuda,166231.0,ATG,AG,NA,Tropical
4070,1998,Belize,83.0,BLZ,BZ,NA,Tropical
4074,1998,Brazil,59843.0,BRA,BR,SA,Tropical
4076,1998,Brazil,1662.0,BRA,BR,SA,Tropical
4079,1998,Brunei Darussalam,3325.0,BRN,BN,AS,Tropical
4091,1998,Congo (the),98.0,COG,CG,AF,Tropical
4093,1994,Haiti,91405.0,HTI,HT,NA,Tropical
4094,1994,Philippines (the),49017.0,PHL,PH,AS,Tropical
4095,1994,Cambodia,182810.0,KHM,KH,AS,Tropical
4101,1994,India,34917.0,IND,IN,AS,Tropical
4102,1994,Philippines (the),123214.0,PHL,PH,AS,Tropical
4103,1994,Costa Rica,5484.0,CRI,CR,NA,Tropical
4104,1994,Costa Rica,1828.0,CRI,CR,NA,Tropical
4105,1994,Cuba,186407.0,CUB,CU,NA,Tropical
4106,1994,Djibouti,3874.0,DJI,DJ,AF,Tropical
4112,1994,Ethiopia,6398.0,ETH,ET,AF,Tropical
4117,1994,Guatemala,18281.0,GTM,GT,NA,Tropical
4119,1994,Hong Kong,67640.0,HKG,HK,AS,Tropical
4120,1994,Honduras,18281.0,HND,HN,NA,Tropical
4123,1994,Indonesia,33171.0,IDN,ID,AS,Tropical
4124,1994,Indonesia,3108.0,IDN,ID,AS,Tropical
4127,1994,Indonesia,2742.0,IDN,ID,AS,Tropical
4136,1994,Jamaica,1828.0,JAM,JM,NA,Tropical
4149,1994,Myanmar,18281.0,MMR,MM,AS,Tropical
4152,1994,Nigeria,121568.0,NGA,NG,AF,Tropical
4153,1994,Nicaragua,29250.0,NIC,NI,NA,Tropical
4157,1994,Philippines (the),68.0,PHL,PH,AS,Tropical
4158,1994,Philippines (the),2925.0,PHL,PH,AS,Tropical
4159,1994,Philippines (the),1563.0,PHL,PH,AS,Tropical
4160,1994,Philippines (the),43874.0,PHL,PH,AS,Tropical
4161,1994,Philippines (the),7130.0,PHL,PH,AS,Tropical
4162,1994,Philippines (the),3108.0,PHL,PH,AS,Tropical
4164,1995,Sri Lanka,711.0,LKA,LK,AS,Tropical
4166,1995,Philippines (the),67750.0,PHL,PH,AS,Tropical
4167,1995,Honduras,7113.0,HND,HN,NA,Tropical
4168,1995,India,448.0,IND,IN,AS,Tropical
4170,1995,Philippines (the),1245281.0,PHL,PH,AS,Tropical
4171,1995,Costa Rica,11203.0,CRI,CR,NA,Tropical
4178,1995,Philippines (the),53346.0,PHL,PH,AS,Tropical
4179,1995,Philippines (the),8891.0,PHL,PH,AS,Tropical
4185,1995,Cuba,3556.0,CUB,CU,NA,Tropical
4188,1995,Dominica,311187.0,DMA,DM,NA,Tropical
4189,1995,Dominica,35564.0,DMA,DM,NA,Tropical
4196,1995,Ethiopia,889.0,ETH,ET,AF,Tropical
4198,1995,Ghana,22228.0,GHA,GH,AF,Tropical
4199,1995,Guadeloupe,88911.0,GLP,GP,NA,Tropical
4205,1995,Indonesia,711.0,IDN,ID,AS,Tropical
4207,1995,Indonesia,88911.0,IDN,ID,AS,Tropical
4208,1995,India,458778.0,IND,IN,AS,Tropical
4209,1995,India,3556.0,IND,IN,AS,Tropical
4211,1995,India,8002.0,IND,IN,AS,Tropical
4213,1995,India,82331.0,IND,IN,AS,Tropical
4214,1995,India,3556.0,IND,IN,AS,Tropical
4224,1995,Saint Kitts and Nevis,350308.0,KNA,KN,NA,Tropical
4243,1995,Montserrat,35564.0,MSR,MS,NA,Tropical
4244,1995,Martinique,284514.0,MTQ,MQ,NA,Tropical
4257,1995,Panama,12447.0,PAN,PA,NA,Tropical
4259,1995,Philippines (the),889.0,PHL,PH,AS,Tropical
4261,1995,Philippines (the),433883.0,PHL,PH,AS,Tropical
4267,1996,India,2591876.0,IND,IN,AS,Tropical
4268,1996,Mozambique,25050.0,MOZ,MZ,AF,Tropical
4269,1996,Malaysia,89834.0,MYS,MY,AS,Tropical
4273,1996,Costa Rica,431893.0,CRI,CR,NA,Tropical
4274,1996,Costa Rica,345514.0,CRI,CR,NA,Tropical
4277,1996,Cuba,22458.0,CUB,CU,NA,Tropical
4295,1996,Guatemala,864.0,GTM,GT,NA,Tropical
4298,1996,Honduras,864.0,HND,HN,NA,Tropical
4299,1996,Honduras,1728.0,HND,HN,NA,Tropical
4300,1996,Honduras,53555.0,HND,HN,NA,Tropical
4302,1996,Haiti,173.0,HTI,HT,NA,Tropical
4306,1996,Indonesia,518.0,IDN,ID,AS,Tropical
4307,1996,Indonesia,751148.0,IDN,ID,AS,Tropical
4308,1996,Indonesia,743.0,IDN,ID,AS,Tropical
4309,1996,Indonesia,219229.0,IDN,ID,AS,Tropical
4312,1996,India,156173.0,IND,IN,AS,Tropical
4313,1996,India,146844.0,IND,IN,AS,Tropical
4314,1996,India,1693.0,IND,IN,AS,Tropical
4318,1996,India,937035.0,IND,IN,AS,Tropical
4321,1996,India,30405.0,IND,IN,AS,Tropical
4328,1996,Jamaica,5183.0,JAM,JM,NA,Tropical
4333,1996,Cambodia,2591.0,KHM,KH,AS,Tropical
4350,1996,Martinique,17.0,MTQ,MQ,NA,Tropical
4354,1996,Nicaragua,17276.0,NIC,NI,NA,Tropical
4355,1996,Nicaragua,173.0,NIC,NI,NA,Tropical
4365,1996,Philippines (the),65648.0,PHL,PH,AS,Tropical
4366,1997,Philippines (the),4220.0,PHL,PH,AS,Tropical
4367,1997,Peru,20257.0,PER,PE,SA,Tropical
4368,1997,Indonesia,148554.0,IDN,ID,AS,Tropical
4372,1997,Ecuador,457478.0,ECU,EC,SA,Tropical
4378,1997,Malaysia,1688.0,MYS,MY,AS,Tropical
4380,1997,Colombia,5064.0,COL,CO,SA,Tropical
4391,1997,Fiji,45579.0,FJI,FJ,OC,Tropical
4402,1997,Guam,337622.0,GUM,GU,OC,Tropical
4403,1997,Guyana,48955.0,GUY,GY,SA,Tropical
4404,1997,Hong Kong,16881.0,HKG,HK,AS,Tropical
4408,1997,Indonesia,13504875.0,IDN,ID,AS,Tropical
4410,1997,India,119856.0,IND,IN,AS,Tropical
4411,1997,India,259631.0,IND,IN,AS,Tropical
4429,1997,Kenya,19920.0,KEN,KE,AF,Tropical
4430,1997,Cambodia,17.0,KHM,KH,AS,Tropical
4433,1997,Sri Lanka,709.0,LKA,LK,AS,Tropical
4436,1997,Madagascar,84405.0,MDG,MG,AF,Tropical
4446,1997,Mozambique,84.0,MOZ,MZ,AF,Tropical
4448,1997,Malaysia,506433.0,MYS,MY,AS,Tropical
4449,1997,Nicaragua,3376.0,NIC,NI,NA,Tropical
4461,1997,Philippines (the),128.0,PHL,PH,AS,Tropical
4462,1997,Philippines (the),8441.0,PHL,PH,AS,Tropical
4467,1998,Nicaragua,1641859.0,NIC,NI,NA,Tropical
4471,1998,Costa Rica,151419.0,CRI,CR,NA,Tropical
4472,1998,Cuba,3324611.0,CUB,CU,NA,Tropical
4475,1998,Dominican Republic (the),3293859.0,DOM,DO,NA,Tropical
4480,1998,Guadeloupe,8312.0,GLP,GP,NA,Tropical
4484,1998,Guatemala,1243405.0,GTM,GT,NA,Tropical
4485,1998,Honduras,6306122.0,HND,HN,NA,Tropical
4486,1998,Haiti,299215.0,HTI,HT,NA,Tropical
4487,1998,Indonesia,2160997.0,IDN,ID,AS,Tropical
4489,1998,India,16623.0,IND,IN,AS,Tropical
4494,1998,India,779621.0,IND,IN,AS,Tropical
4511,1998,Saint Kitts and Nevis,664922.0,KNA,KN,NA,Tropical
4526,1998,Malawi,148.0,MWI,MW,AF,Tropical
4527,1998,Malaysia,3325.0,MYS,MY,AS,Tropical
4539,1998,Panama,83.0,PAN,PA,NA,Tropical
4542,1998,Philippines (the),144684.0,PHL,PH,AS,Tropical
4543,1998,Philippines (the),83115.0,PHL,PH,AS,Tropical
4544,1998,Philippines (the),118024.0,PHL,PH,AS,Tropical
4545,1998,Philippines (the),45546.0,PHL,PH,AS,Tropical
4547,1994,Thailand,14625.0,THA,TH,AS,Tropical
4551,1994,Viet Nam,4205.0,VNM,VN,AS,Tropical
4553,1994,Thailand,21937.0,THA,TH,AS,Tropical
4554,1994,Philippines (the),3016.0,PHL,PH,AS,Tropical
4555,1994,Puerto Rico,3656.0,PRI,PR,NA,Tropical
4565,1994,El Salvador,1828.0,SLV,SV,NA,Tropical
4571,1994,Thailand,435087.0,THA,TH,AS,Tropical
4572,1994,Thailand,54843.0,THA,TH,AS,Tropical
4588,1994,Viet Nam,376588.0,VNM,VN,AS,Tropical
4589,1994,Viet Nam,82264.0,VNM,VN,AS,Tropical
4594,1995,Philippines (the),701.0,PHL,PH,AS,Tropical
4601,1995,Viet Nam,37698.0,VNM,VN,AS,Tropical
4604,1995,Philippines (the),253.0,PHL,PH,AS,Tropical
4607,1995,Puerto Rico,355642.0,PRI,PR,NA,Tropical
4608,1995,Puerto Rico,177821.0,PRI,PR,NA,Tropical
4625,1995,Thailand,249839.0,THA,TH,AS,Tropical
4643,1995,Virgin Island (U.S.),1422569.0,VIR,VI,NA,Tropical
4644,1995,Virgin Island (U.S.),241837.0,VIR,VI,NA,Tropical
4645,1995,Viet Nam,152926.0,VNM,VN,AS,Tropical
4649,1996,Puerto Rico,863786.0,PRI,PR,NA,Tropical
4653,1996,Viet Nam,392159.0,VNM,VN,AS,Tropical
4656,1996,Thailand,259136.0,THA,TH,AS,Tropical
4659,1996,Philippines (the),7169.0,PHL,PH,AS,Tropical
4673,1996,El Salvador,17.0,SLV,SV,NA,Tropical
4674,1996,Thailand,864.0,THA,TH,AS,Tropical
4695,1996,Virgin Island (British),3455.0,VGB,VG,NA,Tropical
4696,1996,Viet Nam,238405.0,VNM,VN,AS,Tropical
4697,1996,Viet Nam,625381.0,VNM,VN,AS,Tropical
4698,1996,Viet Nam,35.0,VNM,VN,AS,Tropical
4699,1996,Viet Nam,19003.0,VNM,VN,AS,Tropical
4700,1996,Viet Nam,23149.0,VNM,VN,AS,Tropical
4701,1996,Yemen,2073086.0,YEM,YE,AS,Tropical
4702,1996,Yemen,17276.0,YEM,YE,AS,Tropical
4707,1997,Viet Nam,8441.0,VNM,VN,AS,Tropical
4711,1997,Uganda,1688.0,UGA,UG,AF,Tropical
4714,1997,Thailand,66680.0,THA,TH,AS,Tropical
4717,1997,Viet Nam,687061.0,VNM,VN,AS,Tropical
4727,1997,Paraguay,2848.0,PRY,PY,SA,Tropical
4738,1997,Seychelles,2870.0,SYC,SC,AF,Tropical
4740,1997,Thailand,8441.0,THA,TH,AS,Tropical
4782,1997,Viet Nam,8441.0,VNM,VN,AS,Tropical
4783,1997,Viet Nam,793411.0,VNM,VN,AS,Tropical
4802,1998,Viet Nam,154927.0,VNM,VN,AS,Tropical
4806,1998,Puerto Rico,2909035.0,PRI,PR,NA,Tropical
4808,1998,Paraguay,8312.0,PRY,PY,SA,Tropical
4818,1998,Sudan (the),66492.0,SDN,SD,AF,Tropical
4820,1998,El Salvador,645141.0,SLV,SV,NA,Tropical
4848,1998,Virgin Island (U.S.),166231.0,VIR,VI,NA,Tropical
4850,1998,Viet Nam,22774.0,VNM,VN,AS,Tropical
4855,1998,Zambia,34410.0,ZMB,ZM,AF,Tropical
4860,1998,Brazil,202801.0,BRA,BR,SA,Tropical
4872,1999,Anguilla,81.0,AIA,AI,NA,Tropical
4885,1999,Benin,350.0,BEN,BJ,AF,Tropical
4939,2000,Angola,15736.0,AGO,AO,AF,Tropical
4975,2000,Belize,436604.0,BLZ,BZ,NA,Tropical
4982,2000,Brazil,118018.0,BRA,BR,SA,Tropical
4983,2000,Botswana,7868.0,BWA,BW,AF,Tropical
5006,2001,Bolivia (Plurinational State of),185169.0,BOL,BO,SA,Tropical
5014,1998,Cuba,299215.0,CUB,CU,NA,Tropical
5020,1998,Costa Rica,38233.0,CRI,CR,NA,Tropical
5022,1998,Ethiopia,25932.0,ETH,ET,AF,Tropical
5031,1998,India,878695.0,IND,IN,AS,Tropical
5040,1998,Namibia,1662.0,NAM,NA,AF,Tropical
5043,1999,India,4066782.0,IND,IN,AS,Tropical
5044,1999,Colombia,5.0,COL,CO,SA,Tropical
5052,1999,Mauritius,284675.0,MUS,MU,AF,Tropical
5067,1999,Colombia,813.0,COL,CO,SA,Tropical
5069,1999,Costa Rica,1627.0,CRI,CR,NA,Tropical
5083,1999,Ethiopia,4392.0,ETH,ET,AF,Tropical
5088,1999,Fiji,5693.0,FJI,FJ,OC,Tropical
5098,1999,Ghana,34161.0,GHA,GH,AF,Tropical
5101,1999,Grenada,8947.0,GRD,GD,NA,Tropical
5102,1999,Guatemala,1627.0,GTM,GT,NA,Tropical
5104,1999,Honduras,2440.0,HND,HN,NA,Tropical
5109,1999,Indonesia,2928.0,IDN,ID,AS,Tropical
5113,1999,India,32534.0,IND,IN,AS,Tropical
5114,1999,India,764555.0,IND,IN,AS,Tropical
5117,1999,India,3904.0,IND,IN,AS,Tropical
5131,1999,Cambodia,813.0,KHM,KH,AS,Tropical
5133,1999,Saint Kitts and Nevis,67346.0,KNA,KN,NA,Tropical
5152,1999,Mozambique,20171.0,MOZ,MZ,AF,Tropical
5166,1999,Nicaragua,813.0,NIC,NI,NA,Tropical
5172,2000,India,925262.0,IND,IN,AS,Tropical
5187,2000,Madagascar,14162.0,MDG,MG,AF,Tropical
5256,2000,Indonesia,124312.0,IDN,ID,AS,Tropical
5257,2000,Indonesia,53502.0,IDN,ID,AS,Tropical
5261,2000,Indonesia,18253.0,IDN,ID,AS,Tropical
5262,2000,Indonesia,67664.0,IDN,ID,AS,Tropical
5264,2000,India,272229.0,IND,IN,AS,Tropical
5265,2000,India,67664.0,IND,IN,AS,Tropical
5266,2000,India,1088127.0,IND,IN,AS,Tropical
5284,2000,Jamaica,9441.0,JAM,JM,NA,Tropical
5292,2000,Cambodia,251772.0,KHM,KH,AS,Tropical
5298,2000,Lao People's Democratic Republic (the),1574.0,LAO,LA,AS,Tropical
5300,2000,Sri Lanka,4721.0,LKA,LK,AS,Tropical
5315,2000,Mozambique,659643.0,MOZ,MZ,AF,Tropical
5316,2000,Mozambique,1574.0,MOZ,MZ,AF,Tropical
5320,2000,Malawi,1574.0,MWI,MW,AF,Tropical
5321,2000,Malaysia,1574.0,MYS,MY,AS,Tropical
5325,2000,Nigeria,7561.0,NGA,NG,AF,Tropical
5331,2000,Nigeria,2990.0,NGA,NG,AF,Tropical
5336,2000,Nicaragua,1574.0,NIC,NI,NA,Tropical
5342,2001,Indonesia,15303.0,IDN,ID,AS,Tropical
5347,2001,Indonesia,15303.0,IDN,ID,AS,Tropical
5353,2001,Kenya,58.0,KEN,KE,AF,Tropical
5356,2001,Mozambique,55092.0,MOZ,MZ,AF,Tropical
5357,2001,Malawi,10253.0,MWI,MW,AF,Tropical
5367,1998,El Salvador,282592.0,SLV,SV,NA,Tropical
5371,1998,Uganda,2660.0,UGA,UG,AF,Tropical
5376,1998,Viet Nam,24935.0,VNM,VN,AS,Tropical
5385,1999,Viet Nam,31721.0,VNM,VN,AS,Tropical
5406,1999,Philippines (the),9760.0,PHL,PH,AS,Tropical
5407,1999,Philippines (the),29281.0,PHL,PH,AS,Tropical
5413,1999,Philippines (the),2928.0,PHL,PH,AS,Tropical
5416,1999,Philippines (the),3595.0,PHL,PH,AS,Tropical
5417,1999,Philippines (the),54975.0,PHL,PH,AS,Tropical
5418,1999,Philippines (the),6518.0,PHL,PH,AS,Tropical
5421,1999,Philippines (the),23872.0,PHL,PH,AS,Tropical
5422,1999,Papua New Guinea,70320.0,PNG,PG,OC,Tropical
5425,1999,Puerto Rico,244007.0,PRI,PR,NA,Tropical
5442,1999,El Salvador,2440.0,SLV,SV,NA,Tropical
5451,1999,Thailand,434.0,THA,TH,AS,Tropical
5453,1999,Thailand,21147.0,THA,TH,AS,Tropical
5477,1999,Venezuela (Bolivarian Republic of),5140412.0,VEN,VE,SA,Tropical
5479,1999,Virgin Island (U.S.),292808.0,VIR,VI,NA,Tropical
5481,1999,Viet Nam,385531.0,VNM,VN,AS,Tropical
5482,1999,Viet Nam,86216.0,VNM,VN,AS,Tropical
5493,2000,Philippines (the),6420.0,PHL,PH,AS,Tropical
5502,2000,Philippines (the),1890.0,PHL,PH,AS,Tropical
5505,2000,Panama,2046.0,PAN,PA,NA,Tropical
5509,2000,Philippines (the),11802.0,PHL,PH,AS,Tropical
5510,2000,Philippines (the),40540.0,PHL,PH,AS,Tropical
5511,2000,Philippines (the),26751.0,PHL,PH,AS,Tropical
5512,2000,Philippines (the),48781.0,PHL,PH,AS,Tropical
5513,2000,Philippines (the),1574.0,PHL,PH,AS,Tropical
5554,2000,Thailand,90481.0,THA,TH,AS,Tropical
5555,2000,Thailand,796.0,THA,TH,AS,Tropical
5558,2000,Thailand,80331.0,THA,TH,AS,Tropical
5603,2000,Viet Nam,393394.0,VNM,VN,AS,Tropical
5604,2000,Viet Nam,23604.0,VNM,VN,AS,Tropical
5607,2000,Viet Nam,7868.0,VNM,VN,AS,Tropical
5608,2000,Viet Nam,33045.0,VNM,VN,AS,Tropical
5612,2000,Viet Nam,55.0,VNM,VN,AS,Tropical
5617,2000,Zimbabwe,114714.0,ZWE,ZW,AF,Tropical
5619,2001,Brazil,68865.0,BRA,BR,SA,Tropical
5624,2001,Philippines (the),9182.0,PHL,PH,AS,Tropical
5635,2001,Zimbabwe,5509.0,ZWE,ZW,AF,Tropical
5660,2001,Belize,382581.0,BLZ,BZ,NA,Tropical
5676,2002,Bolivia (Plurinational State of),150643.0,BOL,BO,SA,Tropical
5680,2002,Brazil,16571.0,BRA,BR,SA,Tropical
5715,2002,Barbados,301.0,BRB,BB,NA,Tropical
5753,2001,Guatemala,21425.0,GTM,GT,NA,Tropical
5787,2001,Cuba,153033.0,CUB,CU,NA,Tropical
5788,2001,Cayman Islands (the),91820.0,CYM,KY,NA,Tropical
5790,2001,Dominican Republic (the),15.0,DOM,DO,NA,Tropical
5809,2001,Guatemala,153.0,GTM,GT,NA,Tropical
5811,2001,Honduras,7652.0,HND,HN,NA,Tropical
5814,2001,Haiti,31.0,HTI,HT,NA,Tropical
5820,2001,India,39788.0,IND,IN,AS,Tropical
5822,2001,India,137729.0,IND,IN,AS,Tropical
5823,2001,India,178932.0,IND,IN,AS,Tropical
5833,2001,India,39788.0,IND,IN,AS,Tropical
5834,2001,India,157624.0,IND,IN,AS,Tropical
5841,2001,Jamaica,84913.0,JAM,JM,NA,Tropical
5847,2001,Cambodia,22955.0,KHM,KH,AS,Tropical
5873,2002,Ecuador,19584.0,ECU,EC,SA,Tropical
5880,2002,Haiti,1506.0,HTI,HT,NA,Tropical
5884,2002,Jamaica,30129.0,JAM,JM,NA,Tropical
5893,2002,Jamaica,45.0,JAM,JM,NA,Tropical
5921,2002,Costa Rica,1506.0,CRI,CR,NA,Tropical
5924,2002,Cuba,34648.0,CUB,CU,NA,Tropical
5925,2002,Cuba,34648.0,CUB,CU,NA,Tropical
5926,2002,Cayman Islands (the),1506.0,CYM,KY,NA,Tropical
5927,2002,Cayman Islands (the),753.0,CYM,KY,NA,Tropical
5934,2002,Dominican Republic (the),753.0,DOM,DO,NA,Tropical
5938,2002,Ecuador,4519.0,ECU,EC,SA,Tropical
5947,2002,Micronesia (Federated States of),753.0,FSM,FM,OC,Tropical
5962,2002,Guatemala,151.0,GTM,GT,NA,Tropical
5964,2002,Guam,90386.0,GUM,GU,OC,Tropical
5965,2002,Guam,105450.0,GUM,GU,OC,Tropical
5967,2002,Honduras,150643.0,HND,HN,NA,Tropical
5972,2002,Indonesia,527252.0,IDN,ID,AS,Tropical
5976,2002,Indonesia,2410.0,IDN,ID,AS,Tropical
5981,2002,India,46356.0,IND,IN,AS,Tropical
5982,2002,India,30129.0,IND,IN,AS,Tropical
5986,2002,India,627.0,IND,IN,AS,Tropical
5990,2002,India,1371942.0,IND,IN,AS,Tropical
5999,2002,Jamaica,1506.0,JAM,JM,NA,Tropical
6012,2002,Cambodia,151.0,KHM,KH,AS,Tropical
6013,2002,Cambodia,57244.0,KHM,KH,AS,Tropical
6021,2002,Madagascar,273.0,MDG,MG,AF,Tropical
6038,2002,Mauritius,75322.0,MUS,MU,AF,Tropical
6040,2003,Fiji,44190.0,FJI,FJ,OC,Tropical
6047,2003,Indonesia,5835.0,IDN,ID,AS,Tropical
6064,2003,India,23568.0,IND,IN,AS,Tropical
6070,2003,Madagascar,220949.0,MDG,MG,AF,Tropical
6075,2001,Philippines (the),34738.0,PHL,PH,AS,Tropical
6076,2001,Philippines (the),147.0,PHL,PH,AS,Tropical
6080,2001,Thailand,6121.0,THA,TH,AS,Tropical
6082,2001,Nigeria,4591.0,NGA,NG,AF,Tropical
6101,2001,Nicaragua,1530.0,NIC,NI,NA,Tropical
6112,2001,Philippines (the),12243.0,PHL,PH,AS,Tropical
6114,2001,Philippines (the),104927.0,PHL,PH,AS,Tropical
6115,2001,Philippines (the),448.0,PHL,PH,AS,Tropical
6116,2001,Philippines (the),2153.0,PHL,PH,AS,Tropical
6119,2001,Puerto Rico,223428.0,PRI,PR,NA,Tropical
6135,2001,Sudan (the),3061.0,SDN,SD,AF,Tropical
6138,2001,El Salvador,34279.0,SLV,SV,NA,Tropical
6143,2001,Chad,1530.0,TCD,TD,AF,Tropical
6144,2001,Thailand,37493.0,THA,TH,AS,Tropical
6152,2001,Tonga,78506.0,TON,TO,OC,Tropical
6186,2001,Viet Nam,7193.0,VNM,VN,AS,Tropical
6187,2001,Viet Nam,128547.0,VNM,VN,AS,Tropical
6188,2001,Viet Nam,38258.0,VNM,VN,AS,Tropical
6189,2001,Viet Nam,4897.0,VNM,VN,AS,Tropical
6190,2001,Viet Nam,84168.0,VNM,VN,AS,Tropical
6193,2001,Samoa,2295.0,WSM,WS,OC,Tropical
6208,2002,Philippines (the),591.0,PHL,PH,AS,Tropical
6216,2002,Thailand,3013.0,THA,TH,AS,Tropical
6217,2002,Senegal,61732.0,SEN,SN,AF,Tropical
6232,2002,Nicaragua,75.0,NIC,NI,NA,Tropical
6233,2002,Nicaragua,1506.0,NIC,NI,NA,Tropical
6238,2002,Oman,75322.0,OMN,OM,AS,Tropical
6245,2002,Panama,753.0,PAN,PA,NA,Tropical
6253,2002,Philippines (the),2184.0,PHL,PH,AS,Tropical
6254,2002,Philippines (the),1506.0,PHL,PH,AS,Tropical
6255,2002,Philippines (the),8532.0,PHL,PH,AS,Tropical
6257,2002,Philippines (the),682.0,PHL,PH,AS,Tropical
6258,2002,Philippines (the),4959.0,PHL,PH,AS,Tropical
6259,2002,Philippines (the),359.0,PHL,PH,AS,Tropical
6260,2002,Philippines (the),5031.0,PHL,PH,AS,Tropical
6269,2002,Réunion,75322.0,REU,RE,AF,Tropical
6298,2002,Thailand,53971.0,THA,TH,AS,Tropical
6300,2002,Thailand,3465.0,THA,TH,AS,Tropical
6338,2002,Saint Vincent and the Grenadines,16571.0,VCT,VC,NA,Tropical
6339,2002,Venezuela (Bolivarian Republic of),4519.0,VEN,VE,SA,Tropical
6340,2002,Viet Nam,151.0,VNM,VN,AS,Tropical
6341,2002,Viet Nam,3314.0,VNM,VN,AS,Tropical
6342,2002,Viet Nam,36004.0,VNM,VN,AS,Tropical
6343,2002,Viet Nam,87373.0,VNM,VN,AS,Tropical
6345,2002,Viet Nam,301287.0,VNM,VN,AS,Tropical
6366,2003,American Samoa,73650.0,ASM,AS,OC,Tropical
6373,2003,New Caledonia,58920.0,NCL,NC,OC,Tropical
6411,2004,American Samoa,215188.0,ASM,AS,OC,Tropical
6432,2003,Bolivia (Plurinational State of),1473.0,BOL,BO,SA,Tropical
6433,2003,Dominican Republic (the),62779.0,DOM,DO,NA,Tropical
6440,2003,India,41244.0,IND,IN,AS,Tropical
6447,2003,Brazil,446317.0,BRA,BR,SA,Tropical
6464,2003,Sri Lanka,42717.0,LKA,LK,AS,Tropical
6478,2003,India,589198.0,IND,IN,AS,Tropical
6509,2003,Dominican Republic (the),3093.0,DOM,DO,NA,Tropical
6525,2003,Honduras,29460.0,HND,HN,NA,Tropical
6531,2003,Indonesia,1473.0,IDN,ID,AS,Tropical
6535,2003,India,248936.0,IND,IN,AS,Tropical
6548,2004,Fiji,5738.0,FJI,FJ,OC,Tropical
6550,2004,Haiti,71729.0,HTI,HT,NA,Tropical
6559,2004,Cuba,286918.0,CUB,CU,NA,Tropical
6560,2004,Jamaica,853580.0,JAM,JM,NA,Tropical
6562,2004,Dominican Republic (the),424638.0,DOM,DO,NA,Tropical
6565,2004,Brazil,531.0,BRA,BR,SA,Tropical
6595,2004,Haiti,1435.0,HTI,HT,NA,Tropical
6599,2004,Cayman Islands (the),7173.0,CYM,KY,NA,Tropical
6600,2004,Indonesia,5021.0,IDN,ID,AS,Tropical
6602,2004,Jamaica,430376.0,JAM,JM,NA,Tropical
6607,2004,Brazil,502106.0,BRA,BR,SA,Tropical
6608,2004,Barbados,7173.0,BRB,BB,NA,Tropical
6619,2004,Brazil,2367070.0,BRA,BR,SA,Tropical
6634,2004,Cuba,1434588.0,CUB,CU,NA,Tropical
6635,2004,Cuba,4503.0,CUB,CU,NA,Tropical
6636,2004,Cayman Islands (the),4920750.0,CYM,KY,NA,Tropical
6639,2004,Dominican Republic (the),1435.0,DOM,DO,NA,Tropical
6649,2004,Grenada,1275348.0,GRD,GD,NA,Tropical
6650,2004,Guam,1435.0,GUM,GU,OC,Tropical
6653,2004,Indonesia,86075.0,IDN,ID,AS,Tropical
6659,2004,India,3586469.0,IND,IN,AS,Tropical
6660,2004,India,395946.0,IND,IN,AS,Tropical
6678,2004,Saint Lucia,717.0,LCA,LC,NA,Tropical
6680,2005,Colombia,13875.0,COL,CO,SA,Tropical
6685,2005,Costa Rica,34688.0,CRI,CR,NA,Tropical
6689,2005,Ethiopia,6938.0,ETH,ET,AF,Tropical
6707,2005,Guyana,645332.0,GUY,GY,SA,Tropical
6709,2005,Indonesia,6938.0,IDN,ID,AS,Tropical
6710,2005,India,69376.0,IND,IN,AS,Tropical
6714,2005,Kenya,694.0,KEN,KE,AF,Tropical
6724,2003,Philippines (the),5892.0,PHL,PH,AS,Tropical
6725,2003,Philippines (the),3616.0,PHL,PH,AS,Tropical
6741,2003,Viet Nam,51555.0,VNM,VN,AS,Tropical
6744,2003,Sudan (the),271031.0,SDN,SD,AF,Tropical
6756,2003,Philippines (the),10311.0,PHL,PH,AS,Tropical
6757,2003,Philippines (the),38987.0,PHL,PH,AS,Tropical
6781,2003,Nigeria,3786.0,NGA,NG,AF,Tropical
6784,2003,Oman,1473.0,OMN,OM,AS,Tropical
6789,2003,Philippines (the),2208.0,PHL,PH,AS,Tropical
6790,2003,Philippines (the),215.0,PHL,PH,AS,Tropical
6791,2003,Philippines (the),974.0,PHL,PH,AS,Tropical
6792,2003,Philippines (the),108.0,PHL,PH,AS,Tropical
6807,2003,Thailand,2062.0,THA,TH,AS,Tropical
6808,2003,Thailand,36825.0,THA,TH,AS,Tropical
6825,2003,Viet Nam,47136.0,VNM,VN,AS,Tropical
6826,2003,Viet Nam,55974.0,VNM,VN,AS,Tropical
6832,2003,Zimbabwe,294599.0,ZWE,ZW,AF,Tropical
6834,2004,Philippines (the),1435.0,PHL,PH,AS,Tropical
6839,2004,Philippines (the),112185.0,PHL,PH,AS,Tropical
6842,2004,Viet Nam,32996.0,VNM,VN,AS,Tropical
6854,2004,Myanmar,987.0,MMR,MM,AS,Tropical
6857,2004,Madagascar,358647.0,MDG,MG,AF,Tropical
6864,2004,Philippines (the),8608.0,PHL,PH,AS,Tropical
6871,2004,Viet Nam,11477.0,VNM,VN,AS,Tropical
6876,2004,Puerto Rico,143459.0,PRI,PR,NA,Tropical
6886,2004,Philippines (the),28214.0,PHL,PH,AS,Tropical
6902,2004,Malaysia,14346.0,MYS,MY,AS,Tropical
6912,2004,Niue,57384.0,NIU,NU,OC,Tropical
6922,2004,Philippines (the),48776.0,PHL,PH,AS,Tropical
6945,2004,Thailand,251053.0,THA,TH,AS,Tropical
6948,2004,Trinidad and Tobago,1435.0,TTO,TT,NA,Tropical
6966,2004,Saint Vincent and the Grenadines,7173.0,VCT,VC,NA,Tropical
6971,2004,Viet Nam,10042.0,VNM,VN,AS,Tropical
6980,2005,Panama,9713.0,PAN,PA,NA,Tropical
6983,2005,Venezuela (Bolivarian Republic of),69376.0,VEN,VE,SA,Tropical
7014,2005,Somalia,28.0,SOM,SO,AF,Tropical
7024,2005,Venezuela (Bolivarian Republic of),1388.0,VEN,VE,SA,Tropical
7047,2005,Cuba,971259.0,CUB,CU,NA,Tropical
7049,2005,Honduras,21506.0,HND,HN,NA,Tropical
7052,2005,India,4620417.0,IND,IN,AS,Tropical
7055,2005,Cuba,1942518.0,CUB,CU,NA,Tropical
7056,2005,Guatemala,1371279.0,GTM,GT,NA,Tropical
7057,2005,Haiti,69376.0,HTI,HT,NA,Tropical
7073,2005,Honduras,138751.0,HND,HN,NA,Tropical
7085,2005,India,31913.0,IND,IN,AS,Tropical
7087,2005,India,582755.0,IND,IN,AS,Tropical
7101,2005,Haiti,694.0,HTI,HT,NA,Tropical
7161,2005,Costa Rica,27750.0,CRI,CR,NA,Tropical
7170,2005,Ethiopia,1665.0,ETH,ET,AF,Tropical
7186,2005,India,3191279.0,IND,IN,AS,Tropical
7189,2005,India,162339.0,IND,IN,AS,Tropical
7214,2006,Bolivia (Plurinational State of),47045.0,BOL,BO,SA,Tropical
7222,2006,Ecuador,3764.0,ECU,EC,SA,Tropical
7223,2006,Fiji,672.0,FJI,FJ,OC,Tropical
7226,2006,Indonesia,33604.0,IDN,ID,AS,Tropical
7227,2006,Indonesia,74197.0,IDN,ID,AS,Tropical
7229,2006,Indonesia,36426.0,IDN,ID,AS,Tropical
7234,2006,India,4556673.0,IND,IN,AS,Tropical
7315,2006,Ethiopia,4301.0,ETH,ET,AF,Tropical
7325,2006,Guyana,227162.0,GUY,GY,SA,Tropical
7326,2006,Honduras,10753.0,HND,HN,NA,Tropical
7332,2006,Indonesia,36292.0,IDN,ID,AS,Tropical
7333,2006,Indonesia,14709.0,IDN,ID,AS,Tropical
7335,2006,Indonesia,18818.0,IDN,ID,AS,Tropical
7358,2007,Bolivia (Plurinational State of),117618.0,BOL,BO,SA,Tropical
7359,2007,Brazil,163359.0,BRA,BR,SA,Tropical
7385,2007,Fiji,39206.0,FJI,FJ,OC,Tropical
7389,2007,Indonesia,1268971.0,IDN,ID,AS,Tropical
7393,2005,Jamaica,4856.0,JAM,JM,NA,Tropical
7394,2005,Viet Nam,304212.0,VNM,VN,AS,Tropical
7395,2005,Philippines (the),715.0,PHL,PH,AS,Tropical
7399,2005,Jamaica,41625.0,JAM,JM,NA,Tropical
7403,2005,Philippines (the),2775.0,PHL,PH,AS,Tropical
7419,2005,El Salvador,493538.0,SLV,SV,NA,Tropical
7420,2005,Thailand,134589.0,THA,TH,AS,Tropical
7426,2005,Viet Nam,37463.0,VNM,VN,AS,Tropical
7430,2005,Thailand,27750.0,THA,TH,AS,Tropical
7433,2005,Thailand,341.0,THA,TH,AS,Tropical
7443,2005,Viet Nam,27750.0,VNM,VN,AS,Tropical
7461,2005,Jamaica,1388.0,JAM,JM,NA,Tropical
7481,2005,Nigeria,204.0,NGA,NG,AF,Tropical
7508,2005,Thailand,167889.0,THA,TH,AS,Tropical
7509,2005,Thailand,582755.0,THA,TH,AS,Tropical
7523,2005,Viet Nam,16650.0,VNM,VN,AS,Tropical
7525,2005,Viet Nam,20813.0,VNM,VN,AS,Tropical
7526,2005,Viet Nam,15263.0,VNM,VN,AS,Tropical
7527,2005,Viet Nam,58442.0,VNM,VN,AS,Tropical
7535,2006,Philippines (the),4473.0,PHL,PH,AS,Tropical
7536,2006,Philippines (the),4032.0,PHL,PH,AS,Tropical
7537,2006,Philippines (the),151889.0,PHL,PH,AS,Tropical
7538,2006,Philippines (the),12201.0,PHL,PH,AS,Tropical
7542,2006,Philippines (the),89252.0,PHL,PH,AS,Tropical
7548,2006,Sri Lanka,4032.0,LKA,LK,AS,Tropical
7550,2006,Malaysia,29571.0,MYS,MY,AS,Tropical
7554,2006,Philippines (the),4563.0,PHL,PH,AS,Tropical
7563,2006,Thailand,33604.0,THA,TH,AS,Tropical
7564,2006,Thailand,13361.0,THA,TH,AS,Tropical
7568,2006,Viet Nam,10753.0,VNM,VN,AS,Tropical
7571,2006,Namibia,11412.0,NAM,NA,AF,Tropical
7573,2006,Philippines (the),1026.0,PHL,PH,AS,Tropical
7583,2006,Viet Nam,13442.0,VNM,VN,AS,Tropical
7588,2006,Philippines (the),633.0,PHL,PH,AS,Tropical
7589,2006,Philippines (the),867.0,PHL,PH,AS,Tropical
7605,2006,Viet Nam,612933.0,VNM,VN,AS,Tropical
7651,2006,Philippines (the),12904.0,PHL,PH,AS,Tropical
7653,2006,Philippines (the),536.0,PHL,PH,AS,Tropical
7656,2006,Philippines (the),2961.0,PHL,PH,AS,Tropical
7657,2006,Philippines (the),181460.0,PHL,PH,AS,Tropical
7711,2006,Viet Nam,1344.0,VNM,VN,AS,Tropical
7715,2006,Viet Nam,838750.0,VNM,VN,AS,Tropical
7721,2007,Madagascar,313649.0,MDG,MG,AF,Tropical
7726,2007,Philippines (the),5332.0,PHL,PH,AS,Tropical
7731,2007,Mozambique,92788.0,MOZ,MZ,AF,Tropical
7742,2007,Malaysia,790657.0,MYS,MY,AS,Tropical
7750,2007,Rwanda,12.0,RWA,RW,AF,Tropical
7763,2007,Dominican Republic (the),101544.0,DOM,DO,NA,Tropical
7764,2007,Dominican Republic (the),58809.0,DOM,DO,NA,Tropical
7765,2007,Guadeloupe,392061.0,GLP,GP,NA,Tropical
7767,2007,Honduras,8598.0,HND,HN,NA,Tropical
7768,2007,Cuba,653435.0,CUB,CU,NA,Tropical
7785,2007,Costa Rica,104550.0,CRI,CR,NA,Tropical
7794,2007,Bolivia (Plurinational State of),653435.0,BOL,BO,SA,Tropical
7806,2007,Dominica,26137.0,DMA,DM,NA,Tropical
7807,2007,Dominican Republic (the),52275.0,DOM,DO,NA,Tropical
7816,2007,Zimbabwe,1568.0,ZWE,ZW,AF,Tropical
7835,2007,Belize,19403.0,BLZ,BZ,NA,Tropical
7865,2007,Fiji,9148.0,FJI,FJ,OC,Tropical
7866,2007,Fiji,852.0,FJI,FJ,OC,Tropical
7884,2007,India,359389.0,IND,IN,AS,Tropical
7896,2007,India,132191.0,IND,IN,AS,Tropical
7911,2008,Cuba,1887830.0,CUB,CU,NA,Tropical
7917,2008,Brazil,453079.0,BRA,BR,SA,Tropical
7918,2008,Brazil,943915.0,BRA,BR,SA,Tropical
7927,2008,Costa Rica,27688.0,CRI,CR,NA,Tropical
7930,2008,Ecuador,1258553.0,ECU,EC,SA,Tropical
7935,2008,India,154802.0,IND,IN,AS,Tropical
7939,2008,India,25171.0,IND,IN,AS,Tropical
7955,2008,Cuba,2607723.0,CUB,CU,NA,Tropical
7957,2008,Fiji,37757.0,FJI,FJ,OC,Tropical
7964,2008,India,31464.0,IND,IN,AS,Tropical
7988,2008,Belize,12204.0,BLZ,BZ,NA,Tropical
8029,2008,Hong Kong,478.0,HKG,HK,AS,Tropical
8036,2008,Indonesia,822.0,IDN,ID,AS,Tropical
8038,2008,Indonesia,1359.0,IDN,ID,AS,Tropical
8051,2009,Brazil,694674.0,BRA,BR,SA,Tropical
8060,2009,Fiji,54623.0,FJI,FJ,OC,Tropical
8091,2009,Dominican Republic (the),55574.0,DOM,DO,NA,Tropical
8092,2009,Dominican Republic (the),10613.0,DOM,DO,NA,Tropical
8103,2007,Martinique,392061.0,MTQ,MQ,NA,Tropical
8105,2007,Oman,5096795.0,OMN,OM,AS,Tropical
8106,2007,Philippines (the),643.0,PHL,PH,AS,Tropical
8108,2007,Philippines (the),6534.0,PHL,PH,AS,Tropical
8109,2007,Philippines (the),1307.0,PHL,PH,AS,Tropical
8119,2007,Jamaica,392061.0,JAM,JM,NA,Tropical
8123,2007,Sri Lanka,65.0,LKA,LK,AS,Tropical
8128,2007,Philippines (the),3293.0,PHL,PH,AS,Tropical
8132,2007,Uganda,93.0,UGA,UG,AF,Tropical
8158,2007,Saint Lucia,52275.0,LCA,LC,NA,Tropical
8161,2007,Philippines (the),643.0,PHL,PH,AS,Tropical
8169,2007,Viet Nam,249612.0,VNM,VN,AS,Tropical
8183,2007,Cambodia,1307.0,KHM,KH,AS,Tropical
8197,2007,Mozambique,130687.0,MOZ,MZ,AF,Tropical
8202,2007,Malaysia,474394.0,MYS,MY,AS,Tropical
8215,2007,Philippines (the),3883.0,PHL,PH,AS,Tropical
8218,2007,Paraguay,39206.0,PRY,PY,SA,Tropical
8222,2007,Sudan (the),392061.0,SDN,SD,AF,Tropical
8235,2007,Thailand,1960.0,THA,TH,AS,Tropical
8252,2007,Viet Nam,169893.0,VNM,VN,AS,Tropical
8253,2007,Viet Nam,457405.0,VNM,VN,AS,Tropical
8254,2007,Viet Nam,13069.0,VNM,VN,AS,Tropical
8255,2007,Viet Nam,392061.0,VNM,VN,AS,Tropical
8262,2008,Philippines (the),358303.0,PHL,PH,AS,Tropical
8264,2008,Viet Nam,151026.0,VNM,VN,AS,Tropical
8265,2008,Viet Nam,79289.0,VNM,VN,AS,Tropical
8271,2008,Philippines (the),124816.0,PHL,PH,AS,Tropical
8275,2008,Jamaica,83314.0,JAM,JM,NA,Tropical
8287,2008,Panama,12586.0,PAN,PA,NA,Tropical
8289,2008,Philippines (the),38679.0,PHL,PH,AS,Tropical
8290,2008,Philippines (the),9338.0,PHL,PH,AS,Tropical
8293,2008,Viet Nam,5034.0,VNM,VN,AS,Tropical
8295,2008,Viet Nam,602847.0,VNM,VN,AS,Tropical
8305,2008,Madagascar,75513.0,MDG,MG,AF,Tropical
8306,2008,Myanmar,5034213.0,MMR,MM,AS,Tropical
8307,2008,Philippines (the),50.0,PHL,PH,AS,Tropical
8310,2008,Philippines (the),352.0,PHL,PH,AS,Tropical
8311,2008,Philippines (the),185.0,PHL,PH,AS,Tropical
8321,2008,Viet Nam,8181.0,VNM,VN,AS,Tropical
8323,2008,Viet Nam,1259.0,VNM,VN,AS,Tropical
8331,2008,Yemen,503421.0,YEM,YE,AS,Tropical
8332,2008,India,2517.0,IND,IN,AS,Tropical
8361,2008,Mozambique,25171.0,MOZ,MZ,AF,Tropical
8376,2008,Philippines (the),5145.0,PHL,PH,AS,Tropical
8379,2008,Philippines (the),561.0,PHL,PH,AS,Tropical
8380,2008,Philippines (the),218.0,PHL,PH,AS,Tropical
8381,2008,Philippines (the),5207.0,PHL,PH,AS,Tropical
8383,2008,Philippines (the),20137.0,PHL,PH,AS,Tropical
8384,2008,Philippines (the),42627.0,PHL,PH,AS,Tropical
8400,2008,Turks and Caicos Islands (the),629277.0,TCA,TC,NA,Tropical
8404,2008,Thailand,14473.0,THA,TH,AS,Tropical
8405,2008,Thailand,433.0,THA,TH,AS,Tropical
8406,2008,Thailand,20137.0,THA,TH,AS,Tropical
8432,2009,Philippines (the),32599.0,PHL,PH,AS,Tropical
8433,2009,Philippines (the),38323.0,PHL,PH,AS,Tropical
8436,2009,Philippines (the),8025.0,PHL,PH,AS,Tropical
8444,2009,Mozambique,3789.0,MOZ,MZ,AF,Tropical
8446,2009,Madagascar,6315.0,MDG,MG,AF,Tropical
8453,2009,Philippines (the),6.0,PHL,PH,AS,Tropical
8489,2009,Brazil,183141.0,BRA,BR,SA,Tropical
8501,2009,India,80835.0,IND,IN,AS,Tropical
8512,2009,Fiji,16798.0,FJI,FJ,OC,Tropical
8537,2009,Burkina Faso,189457.0,BFA,BF,AF,Tropical
8543,2009,Brazil,63152.0,BRA,BR,SA,Tropical
8565,2009,Ecuador,2147.0,ECU,EC,SA,Tropical
8584,2009,India,277870.0,IND,IN,AS,Tropical
8585,2009,India,2715545.0,IND,IN,AS,Tropical
8589,2009,India,378913.0,IND,IN,AS,Tropical
8605,2010,Brazil,248533.0,BRA,BR,SA,Tropical
8606,2010,Brazil,748084.0,BRA,BR,SA,Tropical
8616,2010,Guatemala,807732.0,GTM,GT,NA,Tropical
8620,2010,Indonesia,96928.0,IDN,ID,AS,Tropical
8624,2010,India,2087675.0,IND,IN,AS,Tropical
8625,2010,Burkina Faso,219.0,BFA,BF,AF,Tropical
8634,2010,Antigua and Barbuda,15658.0,ATG,AG,NA,Tropical
8637,2010,Fiji,48995.0,FJI,FJ,OC,Tropical
8682,2010,Bolivia (Plurinational State of),124266.0,BOL,BO,SA,Tropical
8710,2010,Colombia,1242664.0,COL,CO,SA,Tropical
8744,2010,Guatemala,621332.0,GTM,GT,NA,Tropical
8746,2010,Guyana,18267.0,GUY,GY,SA,Tropical
8749,2010,Honduras,111840.0,HND,HN,NA,Tropical
8762,2010,India,555471.0,IND,IN,AS,Tropical
8767,2010,India,27339.0,IND,IN,AS,Tropical
8774,2011,Bolivia (Plurinational State of),24093.0,BOL,BO,SA,Tropical
8775,2011,Brazil,1204635.0,BRA,BR,SA,Tropical
8782,2011,Colombia,1240774.0,COL,CO,SA,Tropical
8791,2011,Dominican Republic (the),36139.0,DOM,DO,NA,Tropical
8828,2011,India,331275.0,IND,IN,AS,Tropical
8832,2009,Philippines (the),7961.0,PHL,PH,AS,Tropical
8834,2009,Philippines (the),739359.0,PHL,PH,AS,Tropical
8835,2009,El Salvador,1185998.0,SLV,SV,NA,Tropical
8838,2009,Philippines (the),31576.0,PHL,PH,AS,Tropical
8841,2009,Philippines (the),5407.0,PHL,PH,AS,Tropical
8851,2009,Philippines (the),28999.0,PHL,PH,AS,Tropical
8853,2009,Philippines (the),19191.0,PHL,PH,AS,Tropical
8854,2009,Philippines (the),15.0,PHL,PH,AS,Tropical
8865,2009,Lao People's Democratic Republic (the),126304.0,LAO,LA,AS,Tropical
8867,2009,Philippines (the),299959.0,PHL,PH,AS,Tropical
8868,2009,Philippines (the),3648.0,PHL,PH,AS,Tropical
8870,2009,Viet Nam,991490.0,VNM,VN,AS,Tropical
8871,2009,Viet Nam,353652.0,VNM,VN,AS,Tropical
8916,2009,Paraguay,1036.0,PRY,PY,SA,Tropical
8922,2009,El Salvador,34102.0,SLV,SV,NA,Tropical
8940,2009,Viet Nam,253.0,VNM,VN,AS,Tropical
8941,2010,Jamaica,186400.0,JAM,JM,NA,Tropical
8942,2010,Saint Lucia,621.0,LCA,LC,NA,Tropical
8946,2010,El Salvador,24853.0,SLV,SV,NA,Tropical
8954,2010,Myanmar,70832.0,MMR,MM,AS,Tropical
8956,2010,French Polynesia,13669.0,PYF,PF,OC,Tropical
8967,2010,Philippines (the),27.0,PHL,PH,AS,Tropical
8968,2010,Philippines (the),3922.0,PHL,PH,AS,Tropical
8969,2010,Philippines (the),58916.0,PHL,PH,AS,Tropical
8973,2010,Venezuela (Bolivarian Republic of),211253.0,VEN,VE,SA,Tropical
8976,2010,Nigeria,37280.0,NGA,NG,AF,Tropical
8986,2010,Philippines (the),10780.0,PHL,PH,AS,Tropical
9006,2010,Cambodia,86986.0,KHM,KH,AS,Tropical
9011,2010,Sri Lanka,130480.0,LKA,LK,AS,Tropical
9031,2010,Oman,1242664.0,OMN,OM,AS,Tropical
9046,2010,Philippines (the),97.0,PHL,PH,AS,Tropical
9047,2010,Philippines (the),342658.0,PHL,PH,AS,Tropical
9083,2010,Thailand,412564.0,THA,TH,AS,Tropical
9099,2010,Saint Vincent and the Grenadines,31067.0,VCT,VC,NA,Tropical
9101,2010,Viet Nam,177080.0,VNM,VN,AS,Tropical
9102,2010,Viet Nam,191370.0,VNM,VN,AS,Tropical
9103,2010,Viet Nam,133835.0,VNM,VN,AS,Tropical
9104,2010,Viet Nam,318122.0,VNM,VN,AS,Tropical
9105,2010,Viet Nam,621.0,VNM,VN,AS,Tropical
9106,2010,Viet Nam,54677.0,VNM,VN,AS,Tropical
9108,2011,Philippines (the),37656.0,PHL,PH,AS,Tropical
9110,2011,Philippines (the),15502.0,PHL,PH,AS,Tropical
9111,2011,Philippines (the),76203.0,PHL,PH,AS,Tropical
9112,2011,Philippines (the),71.0,PHL,PH,AS,Tropical
9114,2011,Philippines (the),337.0,PHL,PH,AS,Tropical
9119,2011,Sri Lanka,240927.0,LKA,LK,AS,Tropical
9122,2011,Philippines (the),14951.0,PHL,PH,AS,Tropical
9123,2011,Philippines (the),12849.0,PHL,PH,AS,Tropical
9125,2011,Thailand,381869.0,THA,TH,AS,Tropical
9126,2011,Thailand,48185413.0,THA,TH,AS,Tropical
9135,2011,Puerto Rico,602318.0,PRI,PR,NA,Tropical
9144,2011,Sri Lanka,361391.0,LKA,LK,AS,Tropical
9155,2011,Namibia,14456.0,NAM,NA,AF,Tropical
9158,2011,Nigeria,5421.0,NGA,NG,AF,Tropical
9161,2011,Philippines (the),302.0,PHL,PH,AS,Tropical
9167,2011,Philippines (the),41502.0,PHL,PH,AS,Tropical
9175,2011,Tonga,3614.0,TON,TO,OC,Tropical
9212,2011,Brazil,2409.0,BRA,BR,SA,Tropical
9214,2011,Colombia,1553980.0,COL,CO,SA,Tropical
9216,2011,Guatemala,74583.0,GTM,GT,NA,Tropical
9261,2011,India,1120311.0,IND,IN,AS,Tropical
9265,2011,India,520402.0,IND,IN,AS,Tropical
9266,2011,India,24093.0,IND,IN,AS,Tropical
9267,2011,India,452491.0,IND,IN,AS,Tropical
9271,2012,Haiti,299774.0,HTI,HT,NA,Tropical
9274,2012,Indonesia,1180.0,IDN,ID,AS,Tropical
9284,2012,Comoros (the),5901.0,COM,KM,AF,Tropical
9287,2012,Fiji,20064.0,FJI,FJ,OC,Tropical
9294,2012,India,129823.0,IND,IN,AS,Tropical
9295,2012,India,23604.0,IND,IN,AS,Tropical
9296,2012,India,115661.0,IND,IN,AS,Tropical
9297,2012,India,18883.0,IND,IN,AS,Tropical
9336,2012,Brazil,201816.0,BRA,BR,SA,Tropical
9337,2012,Brazil,1723111.0,BRA,BR,SA,Tropical
9362,2012,Cameroon,2360.0,CMR,CM,AF,Tropical
9365,2012,Colombia,47209.0,COL,CO,SA,Tropical
9366,2012,Colombia,73173.0,COL,CO,SA,Tropical
9377,2012,Dominican Republic (the),35406.0,DOM,DO,NA,Tropical
9382,2012,Fiji,84975.0,FJI,FJ,OC,Tropical
9383,2012,Fiji,9914.0,FJI,FJ,OC,Tropical
9412,2013,Dominican Republic (the),119.0,DOM,DO,NA,Tropical
9417,2013,Colombia,2326.0,COL,CO,SA,Tropical
9420,2013,India,736837.0,IND,IN,AS,Tropical
9424,2013,Brazil,2326.0,BRA,BR,SA,Tropical
9425,2013,Brazil,1745.0,BRA,BR,SA,Tropical
9427,2013,Brazil,628114.0,BRA,BR,SA,Tropical
9433,2013,Indonesia,2326.0,IDN,ID,AS,Tropical
9435,2013,India,1279492.0,IND,IN,AS,Tropical
9449,2013,India,304752.0,IND,IN,AS,Tropical
9451,2013,Bolivia (Plurinational State of),2908.0,BOL,BO,SA,Tropical
9476,2013,Brazil,2326.0,BRA,BR,SA,Tropical
9477,2013,Brazil,104686.0,BRA,BR,SA,Tropical
9515,2013,Ethiopia,2559.0,ETH,ET,AF,Tropical
9528,2013,Indonesia,3489523.0,IDN,ID,AS,Tropical
9533,2013,Indonesia,2326.0,IDN,ID,AS,Tropical
9534,2013,Indonesia,2326.0,IDN,ID,AS,Tropical
9540,2013,India,2326.0,IND,IN,AS,Tropical
9542,2013,India,302425.0,IND,IN,AS,Tropical
9544,2014,Indonesia,175125.0,IDN,ID,AS,Tropical
9558,2011,Philippines (the),45875.0,PHL,PH,AS,Tropical
9561,2011,Myanmar,2048.0,MMR,MM,AS,Tropical
9567,2011,Philippines (the),220.0,PHL,PH,AS,Tropical
9568,2011,Philippines (the),3198.0,PHL,PH,AS,Tropical
9569,2011,El Salvador,1204635.0,SLV,SV,NA,Tropical
9575,2011,Philippines (the),519.0,PHL,PH,AS,Tropical
9594,2011,Cambodia,627615.0,KHM,KH,AS,Tropical
9615,2011,Philippines (the),139.0,PHL,PH,AS,Tropical
9617,2011,Philippines (the),215486.0,PHL,PH,AS,Tropical
9622,2011,Philippines (the),414603.0,PHL,PH,AS,Tropical
9637,2012,Paraguay,2360.0,PRY,PY,SA,Tropical
9639,2012,Philippines (the),1580.0,PHL,PH,AS,Tropical
9640,2012,Philippines (the),6522.0,PHL,PH,AS,Tropical
9643,2012,Sri Lanka,1416.0,LKA,LK,AS,Tropical
9644,2012,Panama,2360.0,PAN,PA,NA,Tropical
9645,2012,Papua New Guinea,31866.0,PNG,PG,OC,Tropical
9647,2012,Paraguay,4721.0,PRY,PY,SA,Tropical
9657,2012,Madagascar,118021.0,MDG,MG,AF,Tropical
9661,2012,Nigeria,1180.0,NGA,NG,AF,Tropical
9662,2012,Philippines (the),11591.0,PHL,PH,AS,Tropical
9663,2012,Philippines (the),117.0,PHL,PH,AS,Tropical
9676,2012,Jamaica,19523.0,JAM,JM,NA,Tropical
9684,2012,Kenya,118021.0,KEN,KE,AF,Tropical
9689,2012,Sri Lanka,67272.0,LKA,LK,AS,Tropical
9703,2012,Niger (the),217295.0,NER,NE,AF,Tropical
9704,2012,Nigeria,590106.0,NGA,NG,AF,Tropical
9723,2012,Philippines (the),85365.0,PHL,PH,AS,Tropical
9724,2012,Philippines (the),2360.0,PHL,PH,AS,Tropical
9725,2012,Philippines (the),1180.0,PHL,PH,AS,Tropical
9727,2012,Philippines (the),3541.0,PHL,PH,AS,Tropical
9730,2012,Philippines (the),1060247.0,PHL,PH,AS,Tropical
9750,2012,Senegal,11802.0,SEN,SN,AF,Tropical
9755,2012,Chad,11802.0,TCD,TD,AF,Tropical
9758,2012,Thailand,1416.0,THA,TH,AS,Tropical
9787,2013,Somalia,2326.0,SOM,SO,AF,Tropical
9789,2013,Kenya,41874.0,KEN,KE,AF,Tropical
9792,2013,Philippines (the),3257.0,PHL,PH,AS,Tropical
9793,2013,Philippines (the),2547352.0,PHL,PH,AS,Tropical
9794,2013,Philippines (the),41874.0,PHL,PH,AS,Tropical
9800,2013,Paraguay,29079.0,PRY,PY,SA,Tropical
9803,2013,Madagascar,29079.0,MDG,MG,AF,Tropical
9806,2013,Philippines (the),112506.0,PHL,PH,AS,Tropical
9807,2013,Philippines (the),5501.0,PHL,PH,AS,Tropical
9809,2013,Seychelles,10818.0,SYC,SC,AF,Tropical
9810,2013,Namibia,74443.0,NAM,NA,AF,Tropical
9811,2013,Philippines (the),11631742.0,PHL,PH,AS,Tropical
9812,2013,Philippines (the),2312.0,PHL,PH,AS,Tropical
9827,2013,Cambodia,581587.0,KHM,KH,AS,Tropical
9828,2013,Lao People's Democratic Republic (the),69790.0,LAO,LA,AS,Tropical
9829,2013,Lao People's Democratic Republic (the),70954.0,LAO,LA,AS,Tropical
9832,2013,Sri Lanka,2326.0,LKA,LK,AS,Tropical
9842,2013,Mozambique,34895.0,MOZ,MZ,AF,Tropical
9843,2013,Mauritania,2326.0,MRT,MR,AF,Tropical
9844,2013,Mauritius,2326.0,MUS,MU,AF,Tropical
9846,2013,Malaysia,2326.0,MYS,MY,AS,Tropical
9848,2013,Niger (the),75285.0,NER,NE,AF,Tropical
9859,2013,Panama,232635.0,PAN,PA,NA,Tropical
9861,2013,Philippines (the),4653.0,PHL,PH,AS,Tropical
9862,2013,Philippines (the),1163.0,PHL,PH,AS,Tropical
9863,2013,Philippines (the),37723.0,PHL,PH,AS,Tropical
9864,2013,Philippines (the),1954.0,PHL,PH,AS,Tropical
9877,2013,Sudan (the),8142.0,SDN,SD,AF,Tropical
9879,2013,Solomon Islands,2326.0,SLB,SB,OC,Tropical
9885,2013,Thailand,112828.0,THA,TH,AS,Tropical
9886,2013,Thailand,560650.0,THA,TH,AS,Tropical
9893,2013,Uganda,3606.0,UGA,UG,AF,Tropical
9897,2014,Philippines (the),14412.0,PHL,PH,AS,Tropical
9901,2014,Réunion,97292.0,REU,RE,AF,Tropical
9902,2014,Tonga,35483.0,TON,TO,OC,Tropical
9920,2011,Venezuela (Bolivarian Republic of),19274.0,VEN,VE,SA,Tropical
9921,2011,Viet Nam,53004.0,VNM,VN,AS,Tropical
9922,2011,Viet Nam,210814.0,VNM,VN,AS,Tropical
9930,2012,Viet Nam,8025.0,VNM,VN,AS,Tropical
9934,2012,Viet Nam,396552.0,VNM,VN,AS,Tropical
9935,2012,Samoa,156968.0,WSM,WS,OC,Tropical
9947,2012,Venezuela (Bolivarian Republic of),109760.0,VEN,VE,SA,Tropical
9948,2012,Viet Nam,35406.0,VNM,VN,AS,Tropical
9959,2013,Saint Vincent and the Grenadines,125623.0,VCT,VC,NA,Tropical
9988,2013,Viet Nam,7561.0,VNM,VN,AS,Tropical
9991,2013,Viet Nam,83749.0,VNM,VN,AS,Tropical
9992,2013,Viet Nam,1163.0,VNM,VN,AS,Tropical
9993,2013,Viet Nam,771452.0,VNM,VN,AS,Tropical
9994,2013,Viet Nam,88401.0,VNM,VN,AS,Tropical
9995,2013,Viet Nam,853770.0,VNM,VN,AS,Tropical
10015,2014,Burundi,2289.0,BDI,BI,AF,Tropical
10025,2014,Honduras,1602.0,HND,HN,NA,Tropical
10040,2014,Haiti,2289.0,HTI,HT,NA,Tropical
10061,2014,Bolivia (Plurinational State of),228921.0,BOL,BO,SA,Tropical
10064,2014,Brazil,228921.0,BRA,BR,SA,Tropical
10066,2014,Brazil,5723031.0,BRA,BR,SA,Tropical
10091,2014,Colombia,9157.0,COL,CO,SA,Tropical
10101,2014,Guatemala,114461.0,GTM,GT,NA,Tropical
10106,2015,Dominica,551973.0,DMA,DM,NA,Tropical
10129,2015,Burkina Faso,35441.0,BFA,BF,AF,Tropical
10146,2015,Ethiopia,1600550.0,ETH,ET,AF,Tropical
10166,2015,Burundi,14862.0,BDI,BI,AF,Tropical
10175,2015,Brazil,2287.0,BRA,BR,SA,Tropical
10176,2015,Brazil,2287.0,BRA,BR,SA,Tropical
10180,2015,Botswana,50303.0,BWA,BW,AF,Tropical
10203,2015,Cabo Verde,1258.0,CPV,CV,AF,Tropical
10218,2015,Micronesia (Federated States of),12576.0,FSM,FM,OC,Tropical
10220,2015,Ghana,13719.0,GHA,GH,AF,Tropical
10226,2015,Guatemala,5716.0,GTM,GT,NA,Tropical
10234,2016,Fiji,677404.0,FJI,FJ,OC,Tropical
10238,2016,Brazil,112901.0,BRA,BR,SA,Tropical
10251,2016,Haiti,94837.0,HTI,HT,NA,Tropical
10255,2016,Haiti,2258.0,HTI,HT,NA,Tropical
10269,2016,Brazil,112901.0,BRA,BR,SA,Tropical
10286,2016,Ecuador,11290.0,ECU,EC,SA,Tropical
10297,2014,Sri Lanka,2289.0,LKA,LK,AS,Tropical
10299,2014,Philippines (the),3663.0,PHL,PH,AS,Tropical
10300,2014,Philippines (the),939236.0,PHL,PH,AS,Tropical
10308,2014,Philippines (the),130345.0,PHL,PH,AS,Tropical
10309,2014,Philippines (the),21957.0,PHL,PH,AS,Tropical
10313,2014,Philippines (the),86742.0,PHL,PH,AS,Tropical
10314,2014,Indonesia,198017.0,IDN,ID,AS,Tropical
10315,2014,Indonesia,2289.0,IDN,ID,AS,Tropical
10316,2014,India,2289.0,IND,IN,AS,Tropical
10317,2014,India,18313698.0,IND,IN,AS,Tropical
10318,2014,India,186571.0,IND,IN,AS,Tropical
10328,2014,Philippines (the),20246.0,PHL,PH,AS,Tropical
10333,2014,Solomon Islands,27471.0,SLB,SB,OC,Tropical
10339,2014,Niger (the),2289.0,NER,NE,AF,Tropical
10348,2014,India,8012243.0,IND,IN,AS,Tropical
10351,2014,Indonesia,686764.0,IDN,ID,AS,Tropical
10358,2014,India,228921.0,IND,IN,AS,Tropical
10359,2014,India,114461.0,IND,IN,AS,Tropical
10376,2014,Cambodia,2289.0,KHM,KH,AS,Tropical
10385,2014,Sri Lanka,28615.0,LKA,LK,AS,Tropical
10394,2014,Malaysia,325068.0,MYS,MY,AS,Tropical
10418,2014,El Salvador,114461.0,SLV,SV,NA,Tropical
10423,2014,Thailand,11446.0,THA,TH,AS,Tropical
10430,2015,India,1035785.0,IND,IN,AS,Tropical
10432,2015,Madagascar,41157.0,MDG,MG,AF,Tropical
10433,2015,Philippines (the),1143.0,PHL,PH,AS,Tropical
10434,2015,Philippines (the),34639.0,PHL,PH,AS,Tropical
10435,2015,Philippines (the),241209.0,PHL,PH,AS,Tropical
10436,2015,Philippines (the),154587.0,PHL,PH,AS,Tropical
10438,2015,Malawi,445868.0,MWI,MW,AF,Tropical
10444,2015,India,86887.0,IND,IN,AS,Tropical
10454,2015,Myanmar,136047.0,MMR,MM,AS,Tropical
10457,2015,Philippines (the),2536.0,PHL,PH,AS,Tropical
10458,2015,Philippines (the),98.0,PHL,PH,AS,Tropical
10459,2015,Philippines (the),130.0,PHL,PH,AS,Tropical
10464,2015,India,182920.0,IND,IN,AS,Tropical
10466,2015,Papua New Guinea,68595.0,PNG,PG,OC,Tropical
10475,2015,Oman,252658.0,OMN,OM,AS,Tropical
10480,2015,Namibia,68595.0,NAM,NA,AF,Tropical
10488,2015,Indonesia,268664.0,IDN,ID,AS,Tropical
10492,2015,Indonesia,1143250.0,IDN,ID,AS,Tropical
10494,2015,India,3430.0,IND,IN,AS,Tropical
10499,2015,India,690523.0,IND,IN,AS,Tropical
10502,2015,India,3429750.0,IND,IN,AS,Tropical
10505,2015,India,2515150.0,IND,IN,AS,Tropical
10524,2015,Lao People's Democratic Republic (the),11433.0,LAO,LA,AS,Tropical
10530,2015,Madagascar,11433.0,MDG,MG,AF,Tropical
10541,2015,Nigeria,28581.0,NGA,NG,AF,Tropical
10555,2015,Peru,107466.0,PER,PE,SA,Tropical
10558,2015,Philippines (the),398.0,PHL,PH,AS,Tropical
10559,2015,Philippines (the),1714875.0,PHL,PH,AS,Tropical
10561,2015,Philippines (the),1486.0,PHL,PH,AS,Tropical
10562,2015,Philippines (the),96489.0,PHL,PH,AS,Tropical
10581,2015,Solomon Islands,2287.0,SLB,SB,OC,Tropical
10590,2015,Thailand,3772725.0,THA,TH,AS,Tropical
10592,2016,Myanmar,2258.0,MMR,MM,AS,Tropical
10601,2016,Indonesia,2258.0,IDN,ID,AS,Tropical
10603,2016,India,169351.0,IND,IN,AS,Tropical
10605,2016,Sri Lanka,1354808.0,LKA,LK,AS,Tropical
10608,2016,Peru,2258.0,PER,PE,SA,Tropical
10612,2016,Indonesia,28225.0,IDN,ID,AS,Tropical
10626,2016,India,112901.0,IND,IN,AS,Tropical
10627,2016,India,169351.0,IND,IN,AS,Tropical
10632,2016,India,395152.0,IND,IN,AS,Tropical
10633,2016,India,180641.0,IND,IN,AS,Tropical
10640,2016,Myanmar,2935.0,MMR,MM,AS,Tropical
10669,2013,Zimbabwe,581587.0,ZWE,ZW,AF,Tropical
10671,2014,Viet Nam,7097.0,VNM,VN,AS,Tropical
10674,2014,Congo (the Democratic Republic of the),17169.0,COD,CD,AF,Tropical
10678,2014,Zimbabwe,22892.0,ZWE,ZW,AF,Tropical
10688,2014,Vanuatu,2289.0,VUT,VU,OC,Tropical
10689,2014,"Tanzania, United Republic of",2289.0,TZA,TZ,AF,Tropical
10700,2014,Viet Nam,5151.0,VNM,VN,AS,Tropical
10713,2015,Viet Nam,233223.0,VNM,VN,AS,Tropical
10728,2015,Vanuatu,513777.0,VUT,VU,OC,Tropical
10755,2015,Viet Nam,7716938.0,VNM,VN,AS,Tropical
10758,2015,Yemen,228650.0,YEM,YE,AS,Tropical
10786,2016,Bolivia (Plurinational State of),508053.0,BOL,BO,SA,Tropical
10798,2016,Uganda,3048.0,UGA,UG,AF,Tropical
10806,2016,Viet Nam,215640.0,VNM,VN,AS,Tropical
10825,2016,Cuba,2935417.0,CUB,CU,NA,Tropical
10833,2017,Costa Rica,204510.0,CRI,CR,NA,Tropical
10834,2017,Dominica,1609548.0,DMA,DM,NA,Tropical
10835,2017,Dominican Republic (the),69644.0,DOM,DO,NA,Tropical
10839,2017,Colombia,2211.0,COL,CO,SA,Tropical
10845,2017,Brazil,110546.0,BRA,BR,SA,Tropical
10866,2017,Cuba,596948.0,CUB,CU,NA,Tropical
10868,2017,Guadeloupe,132655.0,GLP,GP,NA,Tropical
10869,2017,Hong Kong,835174.0,HKG,HK,AS,Tropical
10878,2017,Angola,2211.0,AGO,AO,AF,Tropical
10879,2017,Anguilla,221092.0,AIA,AI,NA,Tropical
10885,2017,Antigua and Barbuda,276365.0,ATG,AG,NA,Tropical
10919,2017,Colombia,2211.0,COL,CO,SA,Tropical
10920,2017,Colombia,110546.0,COL,CO,SA,Tropical
10944,2018,Brazil,10791.0,BRA,BR,SA,Tropical
10965,2018,Fiji,10791.0,FJI,FJ,OC,Tropical
10994,2018,Brazil,46401.0,BRA,BR,SA,Tropical
11025,2018,Ethiopia,39.0,ETH,ET,AF,Tropical
11026,2018,Fiji,53955.0,FJI,FJ,OC,Tropical
11037,2018,Guatemala,48202.0,GTM,GT,NA,Tropical
11098,2015,Marshall Islands (the),5602.0,MHL,MH,OC,Tropical
11105,2016,Indonesia,24838.0,IDN,ID,AS,Tropical
11107,2016,Indonesia,11290.0,IDN,ID,AS,Tropical
11108,2016,Indonesia,83546.0,IDN,ID,AS,Tropical
11118,2016,Mozambique,1694.0,MOZ,MZ,AF,Tropical
11119,2016,India,1129006.0,IND,IN,AS,Tropical
11127,2016,Haiti,2258013.0,HTI,HT,NA,Tropical
11129,2016,India,664985.0,IND,IN,AS,Tropical
11136,2016,Lao People's Democratic Republic (the),56.0,LAO,LA,AS,Tropical
11137,2016,Sri Lanka,22580.0,LKA,LK,AS,Tropical
11141,2016,Myanmar,2258.0,MMR,MM,AS,Tropical
11144,2016,Malaysia,149029.0,MYS,MY,AS,Tropical
11148,2016,Philippines (the),5547.0,PHL,PH,AS,Tropical
11149,2016,Philippines (the),12972.0,PHL,PH,AS,Tropical
11150,2016,Philippines (the),57229.0,PHL,PH,AS,Tropical
11151,2016,Philippines (the),117034.0,PHL,PH,AS,Tropical
11152,2016,Philippines (the),10522.0,PHL,PH,AS,Tropical
11162,2017,Sri Lanka,382489.0,LKA,LK,AS,Tropical
11167,2017,Philippines (the),193.0,PHL,PH,AS,Tropical
11169,2017,Philippines (the),55273.0,PHL,PH,AS,Tropical
11170,2017,Philippines (the),79484.0,PHL,PH,AS,Tropical
11171,2017,Puerto Rico,75171197.0,PRI,PR,NA,Tropical
11173,2017,Philippines (the),3759.0,PHL,PH,AS,Tropical
11177,2017,Philippines (the),5859.0,PHL,PH,AS,Tropical
11184,2017,Indonesia,2211.0,IDN,ID,AS,Tropical
11185,2017,Indonesia,21004.0,IDN,ID,AS,Tropical
11186,2017,Indonesia,2211.0,IDN,ID,AS,Tropical
11190,2017,Sri Lanka,430023.0,LKA,LK,AS,Tropical
11192,2017,Martinique,48640.0,MTQ,MQ,NA,Tropical
11198,2017,Peru,110546.0,PER,PE,SA,Tropical
11199,2017,Peru,3426922.0,PER,PE,SA,Tropical
11200,2017,Philippines (the),8954.0,PHL,PH,AS,Tropical
11207,2017,Macao,1569751.0,MAC,MO,AS,Tropical
11208,2017,Madagascar,22109.0,MDG,MG,AF,Tropical
11210,2017,Mozambique,18793.0,MOZ,MZ,AF,Tropical
11226,2017,Indonesia,12160.0,IDN,ID,AS,Tropical
11231,2017,India,331638.0,IND,IN,AS,Tropical
11241,2017,India,276365.0,IND,IN,AS,Tropical
11242,2017,India,1732254.0,IND,IN,AS,Tropical
11253,2017,Saint Kitts and Nevis,22109.0,KNA,KN,NA,Tropical
11267,2017,Niger (the),11055.0,NER,NE,AF,Tropical
11276,2017,Philippines (the),2211.0,PHL,PH,AS,Tropical
11282,2017,French Polynesia,2211.0,PYF,PF,OC,Tropical
11288,2018,Philippines (the),3313.0,PHL,PH,AS,Tropical
11289,2018,Philippines (the),115197.0,PHL,PH,AS,Tropical
11291,2018,India,3078116.0,IND,IN,AS,Tropical
11292,2018,India,53955.0,IND,IN,AS,Tropical
11293,2018,India,992774.0,IND,IN,AS,Tropical
11309,2018,Philippines (the),34567.0,PHL,PH,AS,Tropical
11310,2018,Philippines (the),329126.0,PHL,PH,AS,Tropical
11312,2018,Rwanda,23740.0,RWA,RW,AF,Tropical
11313,2018,Rwanda,30215.0,RWA,RW,AF,Tropical
11314,2018,Rwanda,11870.0,RWA,RW,AF,Tropical
11328,2018,Lao People's Democratic Republic (the),242798.0,LAO,LA,AS,Tropical
11334,2018,Philippines (the),94961.0,PHL,PH,AS,Tropical
11342,2018,India,107910.0,IND,IN,AS,Tropical
11343,2018,India,107910.0,IND,IN,AS,Tropical
11345,2018,India,53955.0,IND,IN,AS,Tropical
11346,2018,India,26978.0,IND,IN,AS,Tropical
11347,2018,India,25898.0,IND,IN,AS,Tropical
11348,2018,India,10791.0,IND,IN,AS,Tropical
11349,2018,India,836304.0,IND,IN,AS,Tropical
11350,2018,India,107910.0,IND,IN,AS,Tropical
11352,2018,India,1187012.0,IND,IN,AS,Tropical
11354,2018,India,2698.0,IND,IN,AS,Tropical
11370,2018,Kenya,377686.0,KEN,KE,AF,Tropical
11388,2018,Mozambique,5503.0,MOZ,MZ,AF,Tropical
11397,2018,Nigeria,296753.0,NGA,NG,AF,Tropical
11406,2018,Panama,77695.0,PAN,PA,NA,Tropical
11407,2018,Philippines (the),13264.0,PHL,PH,AS,Tropical
11408,2018,Philippines (the),20503.0,PHL,PH,AS,Tropical
11422,2018,Rwanda,11870.0,RWA,RW,AF,Tropical
11433,2019,Indonesia,15898.0,IDN,ID,AS,Tropical
11435,2019,Mozambique,2119787.0,MOZ,MZ,AF,Tropical
11449,2019,Indonesia,109169.0,IDN,ID,AS,Tropical
11455,2019,India,1918407.0,IND,IN,AS,Tropical
11470,2019,Mozambique,243776.0,MOZ,MZ,AF,Tropical
11490,2015,Thailand,641.0,THA,TH,AS,Tropical
11491,2015,Viet Nam,14634.0,VNM,VN,AS,Tropical
11493,2016,Viet Nam,177.0,VNM,VN,AS,Tropical
11497,2016,Saint Vincent and the Grenadines,7339.0,VCT,VC,NA,Tropical
11506,2016,Viet Nam,395152.0,VNM,VN,AS,Tropical
11507,2016,Viet Nam,162577.0,VNM,VN,AS,Tropical
11511,2016,Thailand,135481.0,THA,TH,AS,Tropical
11512,2016,Thailand,28225.0,THA,TH,AS,Tropical
11518,2016,Viet Nam,117733.0,VNM,VN,AS,Tropical
11519,2016,Viet Nam,39515.0,VNM,VN,AS,Tropical
11520,2016,Viet Nam,24838.0,VNM,VN,AS,Tropical
11534,2017,Zimbabwe,208932.0,ZWE,ZW,AF,Tropical
11540,2017,Sierra Leone,33164.0,SLE,SL,AF,Tropical
11542,2017,Thailand,339376.0,THA,TH,AS,Tropical
11544,2017,Viet Nam,97280.0,VNM,VN,AS,Tropical
11545,2017,Viet Nam,392.0,VNM,VN,AS,Tropical
11546,2017,Viet Nam,1437.0,VNM,VN,AS,Tropical
11547,2017,Viet Nam,97280.0,VNM,VN,AS,Tropical
11549,2017,Thailand,1548.0,THA,TH,AS,Tropical
11555,2017,Turks and Caicos Islands (the),552729.0,TCA,TC,NA,Tropical
11560,2017,Viet Nam,1105459.0,VNM,VN,AS,Tropical
11570,2017,Thailand,1105459.0,THA,TH,AS,Tropical
11587,2017,Virgin Island (British),3316376.0,VGB,VG,NA,Tropical
11589,2017,Viet Nam,78488.0,VNM,VN,AS,Tropical
11590,2017,Viet Nam,1580806.0,VNM,VN,AS,Tropical
11591,2017,Viet Nam,535042.0,VNM,VN,AS,Tropical
11601,2017,Saint Martin (French Part),4532381.0,MAF,MF,NA,Tropical
11602,2017,Sint Maarten (Dutch part),2763647.0,SXM,SX,Invalid,Tropical
11603,2018,Viet Nam,237402.0,VNM,VN,AS,Tropical
11604,2018,Viet Nam,2158.0,VNM,VN,AS,Tropical
11608,2018,Trinidad and Tobago,3993.0,TTO,TT,NA,Tropical
11610,2018,Viet Nam,24819.0,VNM,VN,AS,Tropical
11617,2018,El Salvador,39927.0,SLV,SV,NA,Tropical
11638,2018,Somalia,86328.0,SOM,SO,AF,Tropical
11654,2018,Viet Nam,26978.0,VNM,VN,AS,Tropical
11655,2018,Viet Nam,18561.0,VNM,VN,AS,Tropical
11738,2020,Brazil,104698.0,BRA,BR,SA,Tropical
11740,2020,Colombia,104698.0,COL,CO,SA,Tropical
11741,2020,Brazil,314093.0,BRA,BR,SA,Tropical
11747,2020,Bolivia (Plurinational State of),10470.0,BOL,BO,SA,Tropical
11748,2020,Brazil,52349.0,BRA,BR,SA,Tropical
11750,2020,Brazil,78523.0,BRA,BR,SA,Tropical
11751,2020,Brazil,78523.0,BRA,BR,SA,Tropical
11754,2020,Colombia,26174.0,COL,CO,SA,Tropical
11789,2020,Brazil,3140935.0,BRA,BR,SA,Tropical
11801,2020,Colombia,26174.0,COL,CO,SA,Tropical
11802,2020,Colombia,10470.0,COL,CO,SA,Tropical
11808,2020,Dominican Republic (the),172751.0,DOM,DO,NA,Tropical
11816,2021,Brazil,13000.0,BRA,BR,SA,Tropical
11817,2021,Brazil,37000.0,BRA,BR,SA,Tropical
11818,2021,Brazil,36000.0,BRA,BR,SA,Tropical
11873,2021,Brazil,3000000.0,BRA,BR,SA,Tropical
11875,2021,Brazil,40000.0,BRA,BR,SA,Tropical
11877,2021,Brazil,417000.0,BRA,BR,SA,Tropical
11898,2021,Cuba,100000.0,CUB,CU,NA,Tropical
11934,2019,Madagascar,26497.0,MDG,MG,AF,Tropical
11938,2019,Indonesia,1271872.0,IDN,ID,AS,Tropical
11940,2019,India,10598936.0,IND,IN,AS,Tropical
12020,2020,Fiji,1173.0,FJI,FJ,OC,Tropical
12021,2020,Guatemala,404134.0,GTM,GT,NA,Tropical
12027,2020,Nicaragua,186362.0,NIC,NI,NA,Tropical
12034,2020,Indonesia,2199.0,IDN,ID,AS,Tropical
12036,2020,Indonesia,10470.0,IDN,ID,AS,Tropical
12039,2020,Indonesia,10470.0,IDN,ID,AS,Tropical
12042,2020,India,7852337.0,IND,IN,AS,Tropical
12046,2020,Kenya,10470.0,KEN,KE,AF,Tropical
12057,2020,Peru,10470.0,PER,PE,SA,Tropical
12067,2020,India,628187.0,IND,IN,AS,Tropical
12068,2020,Cambodia,104698.0,KHM,KH,AS,Tropical
12089,2020,Fiji,13611.0,FJI,FJ,OC,Tropical
12111,2020,Indonesia,7538.0,IDN,ID,AS,Tropical
12130,2020,India,14134206.0,IND,IN,AS,Tropical
12131,2020,India,858522.0,IND,IN,AS,Tropical
12132,2020,India,10470.0,IND,IN,AS,Tropical
12134,2020,India,4187913.0,IND,IN,AS,Tropical
12170,2020,Malaysia,7119.0,MYS,MY,AS,Tropical
12174,2020,Niger (the),10470.0,NER,NE,AF,Tropical
12177,2020,Nigeria,104698.0,NGA,NG,AF,Tropical
12178,2020,Nicaragua,775811.0,NIC,NI,NA,Tropical
12189,2020,Panama,11517.0,PAN,PA,NA,Tropical
12225,2021,India,3100000.0,IND,IN,AS,Tropical
12244,2021,Peru,25000.0,PER,PE,SA,Tropical
12260,2021,Indonesia,800000.0,IDN,ID,AS,Tropical
12261,2021,India,210000.0,IND,IN,AS,Tropical
12266,2021,Oman,80000.0,OMN,OM,AS,Tropical
12269,2021,Kenya,250000.0,KEN,KE,AF,Tropical
12270,2021,India,3000000.0,IND,IN,AS,Tropical
12278,2021,Fiji,10000.0,FJI,FJ,OC,Tropical
12299,2021,Indonesia,50000.0,IDN,ID,AS,Tropical
12308,2021,India,1400000.0,IND,IN,AS,Tropical
12312,2021,India,100000.0,IND,IN,AS,Tropical
12327,2021,Saint Lucia,34000.0,LCA,LC,NA,Tropical
12342,2021,Malaysia,1460000.0,MYS,MY,AS,Tropical
12402,2019,Philippines (the),16664.0,PHL,PH,AS,Tropical
12410,2019,Viet Nam,47695.0,VNM,VN,AS,Tropical
12419,2019,Viet Nam,4240.0,VNM,VN,AS,Tropical
12422,2019,Philippines (the),400046.0,PHL,PH,AS,Tropical
12424,2019,Philippines (the),38156.0,PHL,PH,AS,Tropical
12425,2019,Philippines (the),115688.0,PHL,PH,AS,Tropical
12466,2020,Philippines (the),526938.0,PHL,PH,AS,Tropical
12467,2020,Philippines (the),440778.0,PHL,PH,AS,Tropical
12468,2020,El Salvador,230335.0,SLV,SV,NA,Tropical
12474,2020,Viet Nam,1570.0,VNM,VN,AS,Tropical
12489,2020,Viet Nam,23034.0,VNM,VN,AS,Tropical
12490,2020,Viet Nam,565368.0,VNM,VN,AS,Tropical
12498,2020,Sudan (the),261745.0,SDN,SD,AF,Tropical
12500,2020,Yemen,10470.0,YEM,YE,AS,Tropical
12502,2020,Philippines (the),2401.0,PHL,PH,AS,Tropical
12512,2020,Viet Nam,889932.0,VNM,VN,AS,Tropical
12514,2020,Viet Nam,5507.0,VNM,VN,AS,Tropical
12521,2020,Philippines (the),32561.0,PHL,PH,AS,Tropical
12522,2020,Philippines (the),196.0,PHL,PH,AS,Tropical
12523,2020,Philippines (the),91192.0,PHL,PH,AS,Tropical
12530,2020,Puerto Rico,62609.0,PRI,PR,NA,Tropical
12535,2020,Senegal,18846.0,SEN,SN,AF,Tropical
12548,2020,Thailand,10470.0,THA,TH,AS,Tropical
12549,2020,Thailand,52349.0,THA,TH,AS,Tropical
12552,2020,Tonga,116215.0,TON,TO,OC,Tropical
12576,2020,Venezuela (Bolivarian Republic of),31409.0,VEN,VE,SA,Tropical
12577,2020,Viet Nam,243.0,VNM,VN,AS,Tropical
12579,2020,Viet Nam,34550.0,VNM,VN,AS,Tropical
12582,2020,Yemen,10470.0,YEM,YE,AS,Tropical
12594,2020,Timor-Leste,20940.0,TLS,TL,Invalid,Tropical
12597,2021,Philippines (the),11000.0,PHL,PH,AS,Tropical
12599,2021,Philippines (the),240.0,PHL,PH,AS,Tropical
12602,2021,Viet Nam,7500.0,VNM,VN,AS,Tropical
12611,2021,Philippines (the),103128.0,PHL,PH,AS,Tropical
12616,2021,Thailand,591000.0,THA,TH,AS,Tropical
12647,2021,Viet Nam,10000.0,VNM,VN,AS,Tropical
12657,2021,Somalia,993000.0,SOM,SO,AF,Tropical
12664,2021,Philippines (the),25000.0,PHL,PH,AS,Tropical
12665,2021,Philippines (the),3114.0,PHL,PH,AS,Tropical
12666,2021,Philippines (the),20000.0,PHL,PH,AS,Tropical
12667,2021,Philippines (the),915271.0,PHL,PH,AS,Tropical
12721,2021,Viet Nam,9000.0,VNM,VN,AS,Tropical
